TimeStamp,Delta_TP9,Delta_AF7,Delta_AF8,Delta_TP10,Theta_TP9,Theta_AF7,Theta_AF8,Theta_TP10,Alpha_TP9,Alpha_AF7,Alpha_AF8,Alpha_TP10,Beta_TP9,Beta_AF7,Beta_AF8,Beta_TP10,Gamma_TP9,Gamma_AF7,Gamma_AF8,Gamma_TP10,RAW_TP9,RAW_AF7,RAW_AF8,RAW_TP10,AUX_RIGHT,Accelerometer_X,Accelerometer_Y,Accelerometer_Z,Gyro_X,Gyro_Y,Gyro_Z,HeadBandOn,HSI_TP9,HSI_AF7,HSI_AF8,HSI_TP10,Battery,Elements,Beta_AF8,Beta_TP9
11:14.5,0.5935962,0.7328346,-0.30746427,0.82649595,0.5670351,0.14626896,-0.19507658,0.2852123,0.8120225,0.33714607,-0.060994055,0.56607896,0.56066334,0.34863314,0.5868397,0.45262685,0.03394438,0.46473923,0.20058708,-0.0784291,785.7143,769.19415,808.68134,774.83514,596.7399,-0.036987305,0.096313477,0.987976074,-1.09161377,0.119628906,-2.534637451,1,2,1,1,2,97,,0.5868397,0.56066334
11:15.5,0.9227737,0.80552715,0.328473,0.82649595,0.3796416,0.14548998,0.13086629,0.2852123,0.9902787,0.12082505,0.18610275,0.56607896,0.58312446,0.31733787,0.4186759,0.45262685,0.5817558,0.467936,0.2635639,-0.0784291,774.43225,792.5641,798.20514,781.28204,773.22345,-0.060913086,0.098388672,0.995422363,-0.949554443,-2.385101318,-9.734802246,1,1,1,1,1,97,,0.4186759,0.58312446
11:16.5,0.86154705,0.39033788,0.034093305,0.9262825,0.44080582,-0.33474988,-0.15460846,0.64037645,1.2931391,0.56293607,0.27676627,0.8896275,0.6847648,0.41858807,0.16037022,0.5628811,0.5148421,0.25998756,0.21151277,0.27997154,785.31134,784.5055,792.5641,813.91943,930.3663,-0.074645996,0.097839355,0.96105957,0.321502686,-2.96081543,-0.119628906,1,1,1,1,1,97,,0.16037022,0.6847648
02-03-24 15:11,,,,,,,,,,,,,,,,,,,,,,,,,,,,,,,,,,,,,,/muse/elements/blink,,
11:17.5,0.58876497,0.7189618,-0.04632457,0.8797698,0.1648193,0.36270505,-0.5312426,0.66292036,1.209712,0.6912581,0.20580116,0.81343174,0.5718253,0.60456675,0.061422892,0.5422403,0.28336444,0.54070383,0.06705715,0.35280868,808.2784,805.05493,802.23444,789.7436,902.5641,-0.021118164,0.023010254,0.990112305,0.91217041,-7.200164795,-3.028106689,1,1,1,1,1,97,,0.061422892,0.5718253
11:18.6,0.6447163,0.5562219,0.02465111,0.8797698,-0.08193661,0.18763986,-0.59628475,0.66292036,1.167151,0.5276189,0.045849033,0.81343174,0.5147393,0.5522878,0.09781432,0.5422403,0.2553704,0.5090107,0.07304486,0.35280868,814.3223,806.6667,827.2161,794.9817,570.14655,0.020080566,-0.00378418,0.971679688,3.401947021,-7.880554199,-1.233673096,1,1,1,1,1,97,,0.09781432,0.5147393
02-03-24 15:11,,,,,,,,,,,,,,,,,,,,,,,,,,,,,,,,,,,,,,/muse/elements/blink,,
02-03-24 15:11,,,,,,,,,,,,,,,,,,,,,,,,,,,,,,,,,,,,,,/muse/elements/blink,,
11:19.6,0.6447163,0.25572646,0.02465111,0.8797698,-0.08193661,-0.05209393,-0.59628475,0.66292036,1.167151,0.4921777,0.045849033,0.81343174,0.5147393,0.31217188,0.09781432,0.5422403,0.2553704,0.33622998,0.07304486,0.35280868,799.81683,801.02563,798.60803,800.6227,823.9927,0.03326416,0.015075684,0.988098145,0.904693604,-0.261688232,0.545806885,1,2,1,1,2,97,,0.09781432,0.5147393
02-03-24 15:11,,,,,,,,,,,,,,,,,,,,,,,,,,,,,,,,,,,,,,/muse/elements/blink,,
11:20.6,0.6447163,0.27499673,0.02465111,0.8797698,-0.08193661,0.08851093,-0.59628475,0.66292036,1.167151,0.36696297,0.045849033,0.81343174,0.5147393,0.3523551,0.09781432,0.5422403,0.2553704,0.25657535,0.07304486,0.35280868,817.5458,786.9231,797.8022,803.8461,667.6557,0.021118164,0.026611328,0.979125977,-0.710296631,-0.785064697,-0.687866211,1,2,1,1,2,97,,0.09781432,0.5147393
11:21.6,0.6447163,0.32755053,0.02465111,0.8797698,-0.08193661,0.31904286,-0.59628475,0.66292036,1.167151,0.4580505,0.045849033,0.81343174,0.5147393,0.40794608,0.09781432,0.5422403,0.2553704,0.35789335,0.07304486,0.35280868,778.86444,779.2674,790.9524,778.0586,840.9158,0.01373291,0.018676758,0.97442627,0.029907227,-2.063598633,-0.657958984,1,2,1,1,2,97,,0.09781432,0.5147393
11:22.6,0.48975685,0.5937071,-0.31858066,0.8797698,0.14564094,0.19267301,-0.05133929,0.66292036,0.68490356,0.4930096,0.45893756,0.81343174,0.51095974,0.24542692,0.39575535,0.5422403,0.49719995,0.17563216,0.17762098,0.35280868,799.41394,801.02563,801.02563,804.2491,807.47253,0.015441895,0.020874023,0.97277832,-1.786956787,-0.343933105,0.852355957,1,1,1,1,1,97,,0.39575535,0.51095974
11:23.6,0.7933711,0.6402795,-0.008670256,0.872404,0.21172275,0.029465167,-0.003718511,0.80917895,0.60988104,0.36486325,0.4676166,0.6131555,0.52594703,0.2729332,0.325593,0.35560164,0.4274526,0.22502255,-0.014725918,-0.013423475,805.4579,803.0403,805.8608,792.1612,769.19415,0.02331543,0.020446777,0.981201172,-0.485992432,-2.699127197,-0.897216797,1,1,1,1,1,97,,0.325593,0.52594703
11:24.7,0.79133457,0.18389235,0.16397218,1.0290338,0.7053688,-0.037564386,-0.15719573,0.7553063,0.7981678,0.3641279,0.2962902,0.82170993,0.6965351,0.26013952,0.24897873,0.3588639,0.3911627,0.19225186,-0.2525689,-0.03119166,804.65204,797.8022,796.99634,802.23444,860.65936,0.026611328,0.015869141,0.97253418,0.478515625,-1.600036621,0.418701172,1,1,1,1,1,97,,0.24897873,0.6965351
11:25.7,0.6808565,-0.045592856,0.07606591,1.1826681,0.5351112,0.003596645,-0.49114764,0.6942252,0.7750076,0.3146431,0.020037098,0.7174856,0.72135794,0.29944414,-0.03730309,0.4777143,0.49953648,0.17366375,-0.079928905,-0.03264655,822.381,805.4579,806.6667,807.47253,821.5751,0.030822754,0.028076172,0.975280762,-0.201873779,-1.764526367,-2.601928711,1,1,1,1,1,97,,-0.03730309,0.72135794
11:26.7,0.6696663,-0.032702442,0.11483567,0.8372875,-0.008133074,-0.07163434,-0.22699216,0.6122839,0.47948128,-0.22104555,0.36525214,0.24509187,0.6481635,0.25628772,-0.15650031,0.5607674,0.4006519,0.30514184,-0.13007516,-0.18338355,788.93774,803.8461,805.05493,818.7546,805.05493,0.049804688,0.030944824,0.973632813,-0.762634277,-1.757049561,0.403747559,1,1,1,1,1,97,,-0.15650031,0.6481635
11:27.7,-0.20055796,-0.022145886,0.05957889,0.8372875,0.1622545,-0.04333641,-0.19510491,0.6122839,0.39611867,0.07404558,0.38088617,0.24509187,0.8097353,0.31210104,-0.026227832,0.5607674,0.48150733,0.26510486,-0.13609284,-0.18338355,799.41394,794.9817,794.17584,800.6227,866.7033,0.062011719,0.026367188,0.976867676,0.13458252,-1.943969727,-0.284118652,1,1,1,1,1,97,,-0.026227832,0.8097353
02-03-24 15:11,,,,,,,,,,,,,,,,,,,,,,,,,,,,,,,,,,,,,,/muse/elements/blink,,
11:28.7,0.0629088,0.15320848,0.0768632,0.5698837,0.19391581,-0.033844043,-0.086889654,0.71801,1.0960933,0.11947017,0.025313012,0.7290731,0.75648475,0.21086408,-0.22949815,0.42406648,0.5717454,0.16039766,-0.25188068,0.07084208,815.9341,803.44324,799.41394,802.23444,842.9304,0.062072754,0.032348633,0.982788086,0.074768066,-1.906585693,-1.114044189,1,1,1,1,1,97,,-0.22949815,0.75648475
11:29.7,0.26322776,0.2800273,0.19856165,0.5191663,0.29615065,0.18549143,0.07022306,0.6920814,1.0795135,0.27079025,0.21136528,0.67389446,0.77958024,0.24133554,0.22153,0.44778958,0.68322307,0.28680855,-0.04767347,0.08932144,801.4286,793.36993,795.78754,794.9817,674.90845,0.062255859,0.030700684,0.9765625,0.321502686,-2.265472412,-0.306549072,1,1,1,1,1,97,,0.22153,0.77958024
02-03-24 15:11,,,,,,,,,,,,,,,,,,,,,,,,,,,,,,,,,,,,,,/muse/elements/blink,,
11:30.8,0.7822955,0.18714726,0.064686865,0.86490434,0.69915515,-0.1760906,0.12811323,0.92826784,0.16022426,0.46149212,0.7651319,0.58789873,0.7690132,0.24190828,0.14195149,0.4605787,0.41082948,0.21598195,-0.074607424,-0.076753445,802.6374,805.05493,802.23444,810.696,782.0879,0.063842773,0.027832031,0.975219727,-0.373840332,-1.996307373,-0.672912598,1,1,1,1,1,97,,0.14195149,0.7690132
11:31.8,0.84869945,0.10947454,0.2856643,0.86258864,0.82112586,0.09000542,0.28374866,0.9663966,0.13977748,0.29784223,0.76698107,0.47697347,0.7084108,0.19817069,0.122348204,0.42221433,0.4626033,0.16820483,0.002947622,-0.094080806,780.87915,795.38464,800.6227,796.5934,844.1392,0.069458008,0.033874512,0.983764648,-0.224304199,-1.95892334,-1.667327881,1,1,1,1,1,97,,0.122348204,0.7084108
11:32.8,0.33469734,0.022078328,-0.049573757,0.8417263,0.32335207,-0.11610488,-0.095043026,0.30151817,0.746345,0.015137298,0.32725346,0.770525,0.5341101,0.30654326,0.12986888,0.34332806,0.47109294,0.18394737,-0.020913698,0.021389307,800.6227,799.81683,796.1905,800.2198,715.2015,0.064697266,0.038330078,0.976928711,-0.216827393,-1.241149902,-0.418701172,1,1,1,1,1,97,,0.12986888,0.5341101
02-03-24 15:11,,,,,,,,,,,,,,,,,,,,,,,,,,,,,,,,,,,,,,/muse/elements/blink,,
02-03-24 15:11,,,,,,,,,,,,,,,,,,,,,,,,,,,,,,,,,,,,,,/muse/elements/blink,,
11:33.8,0.931173,0.10675282,0.16335188,1.0600451,1.0051187,-0.39972252,-0.29683647,1.0461925,1.5243473,0.12436891,0.11482706,1.4838699,0.56030774,0.34916827,0.060801174,0.3298194,0.5565839,0.2183968,-0.115879424,-0.04428616,710.7692,799.011,802.23444,731.31866,740.58606,0.059692383,0.026672363,0.985900879,0,-1.9140625,-0.620574951,1,1,1,1,1,97,,0.060801174,0.56030774
02-03-24 15:11,,,,,,,,,,,,,,,,,,,,,,,,,,,,,,,,,,,,,,/muse/elements/blink,,
02-03-24 15:11,,,,,,,,,,,,,,,,,,,,,,,,,,,,,,,,,,,,,,/muse/elements/blink,,
02-03-24 15:11,,,,,,,,,,,,,,,,,,,,,,,,,,,,,,,,,,,,,,/muse/elements/blink,,
11:34.8,1.5496272,0.30217203,0.26801768,1.2074916,1.8743219,-0.1545579,-0.26024896,1.3248338,1.5277301,0.18219414,0.4804061,1.4838699,0.733226,0.4406424,0.39989176,0.37738752,0.51641524,0.232275,0.15098208,-0.026982524,814.3223,849.3773,842.9304,793.36993,813.91943,0.090698242,0.039794922,0.963134766,-0.523376465,-0.904693604,-0.276641846,1,1,1,1,1,97,,0.39989176,0.733226
02-03-24 15:11,,,,,,,,,,,,,,,,,,,,,,,,,,,,,,,,,,,,,,/muse/elements/blink,,
11:35.8,1.5496272,0.2528764,0.22773288,1.2074916,1.8743219,0.09170593,-0.18311934,1.3248338,1.5277301,-0.046060603,0.4804061,1.4838699,0.733226,0.42479,0.6607367,0.37738752,0.51641524,0.15409212,0.38429233,-0.026982524,799.011,755.89746,773.6264,798.20514,795.78754,0.073181152,0.041259766,0.984802246,0.059814453,-1.772003174,-0.643005371,1,1,1,1,1,97,,0.6607367,0.733226
11:36.9,0.8105784,0.2528764,0.22773288,1.2236497,0.4565723,0.09170593,-0.18311934,0.17813563,0.5640492,-0.046060603,0.4804061,0.502539,0.6681297,0.42479,0.6607367,0.3110466,0.31933275,0.15409212,0.38429233,0.13881542,776.8498,769.19415,786.9231,784.5055,785.7143,0.063842773,0.039428711,0.979370117,0.029907227,-1.614990234,-0.650482178,1,1,1,1,1,97,,0.6607367,0.6681297
11:37.9,0.8772436,0.066002466,0.610558,1.2306666,0.43777034,-0.113242835,0.016924005,0.19205141,0.6172139,0.10131133,0.04232179,0.502539,0.59779644,0.20068109,0.102877535,0.29597542,0.26231128,0.30053854,-0.33390254,0.13303074,803.0403,780.4762,780.87915,797.3993,682.5641,0.063049316,0.03717041,0.984008789,-0.269165039,-1.607513428,-0.381317139,1,1,1,1,1,97,,0.102877535,0.59779644
02-03-24 15:11,,,,,,,,,,,,,,,,,,,,,,,,,,,,,,,,,,,,,,/muse/elements/blink,,
11:38.9,1.0395983,0.009067914,0.337338,1.2427477,0.45559037,-0.24490349,0.15498303,0.19870834,0.5153266,-0.081695974,0.37126645,0.4241905,0.37000617,0.22933389,0.19933382,0.19691324,0.2476281,0.25900584,-0.13587062,0.10314761,805.8608,790.54944,795.78754,822.381,858.24176,0.062988281,0.038330078,0.980102539,0.157012939,-1.600036621,-0.84487915,1,1,1,1,1,97,,0.19933382,0.37000617
02-03-24 15:11,,,,,,,,,,,,,,,,,,,,,,,,,,,,,,,,,,,,,,/muse/elements/blink,,
11:39.9,1.0395983,0.100717574,0.3025393,1.2427477,0.45559037,0.0247284,0.2956625,0.19870834,0.5153266,0.4516798,0.5546854,0.4241905,0.37000617,0.36808485,0.5838678,0.19691324,0.2476281,0.31508413,0.11704934,0.10314761,794.9817,803.0403,800.6227,803.8461,845.34796,0.064147949,0.027954102,0.973632813,0.186920166,-2.497253418,-0.142059326,1,1,1,1,1,97,,0.5838678,0.37000617
11:40.9,0.40146637,0.117681734,0.19424134,0.7634144,-0.042895485,0.08101914,-0.049832184,0.5455236,0.5138819,0.49301723,0.38730142,0.8912609,0.3380021,0.39616367,0.34980574,0.19474103,0.40327698,0.319834,-0.22464524,-0.03181029,787.72894,796.1905,799.41394,801.8315,749.45056,0.066162109,0.027893066,0.983154297,0.598144531,-3.401947021,-0.299072266,1,1,1,1,1,97,,0.34980574,0.3380021
11:42.0,0.52152926,0.16077073,-0.096547455,0.45691434,0.28050086,0.07900505,0.060820345,0.52838594,0.50693166,0.25454623,0.34561405,0.65884817,0.3818358,0.40594786,0.18677318,0.301566,0.39975265,0.34562683,-0.13167161,-0.09495071,792.96704,792.96704,801.8315,797.3993,638.6447,0.062683105,0.039611816,0.979370117,0.239257813,-2.392578125,-0.82244873,1,1,1,1,1,97,,0.18677318,0.3818358
02-03-24 15:11,,,,,,,,,,,,,,,,,,,,,,,,,,,,,,,,,,,,,,/muse/elements/blink,,
02-03-24 15:11,,,,,,,,,,,,,,,,,,,,,,,,,,,,,,,,,,,,,,/muse/elements/blink,,
11:43.0,0.61669755,-0.06908546,-0.069299415,0.59439325,0.4814332,-0.029982567,-4.19E-04,0.65471673,0.52871287,0.28668082,0.6420483,0.49592698,0.5593888,0.3413207,0.33060262,0.3019361,0.41254985,0.3700874,-0.057348542,-0.20107222,819.5604,798.20514,801.4286,826.4103,792.5641,0.065124512,0.032287598,0.976928711,-0.06729126,-2.071075439,-0.321502686,1,1,1,1,1,97,,0.33060262,0.5593888
11:44.0,0.45683488,0.17106864,0.027791278,0.52507734,0.5255152,0.12953441,0.24303025,0.6508442,0.51552176,0.5264064,0.7409621,0.43916953,0.6513714,0.32128242,0.46480754,0.2598255,0.28840712,0.3682893,0.3757714,-0.16025634,809.0842,797.8022,802.23444,790.14655,813.91943,0.056945801,0.034851074,0.978088379,0.897216797,-1.547698975,-0.785064697,1,1,1,1,1,97,,0.46480754,0.6513714
02-03-24 15:11,,,,,,,,,,,,,,,,,,,,,,,,,,,,,,,,,,,,,,/muse/elements/blink,,
02-03-24 15:11,,,,,,,,,,,,,,,,,,,,,,,,,,,,,,,,,,,,,,/muse/elements/blink,,
11:45.1,0.54457825,0.1710916,0.15009972,1.2064687,-0.087010875,0.09455726,0.16917802,0.8286474,0.45785096,0.49146804,0.596024,0.51911354,0.5331129,0.26713094,0.31176433,0.5412013,0.16948327,0.34454063,0.31209058,-0.15672125,818.3516,801.02563,793.7729,812.3077,861.4652,0.057861328,0.028869629,0.984985352,0.276641846,0.127105713,-0.08972168,1,1,1,1,1,97,,0.31176433,0.5331129
02-03-24 15:11,,,,,,,,,,,,,,,,,,,,,,,,,,,,,,,,,,,,,,/muse/elements/blink,,
02-03-24 15:11,,,,,,,,,,,,,,,,,,,,,,,,,,,,,,,,,,,,,,/muse/elements/blink,,
02-03-24 15:11,,,,,,,,,,,,,,,,,,,,,,,,,,,,,,,,,,,,,,/muse/elements/blink,,
11:46.1,2.0268788,0.17954089,0.03157476,2.0446615,2.1069064,0.16847493,0.30651394,1.9893603,1.4988955,0.21446566,0.48710683,1.3478203,0.7751506,0.39238805,0.7395591,0.6490441,0.43939817,0.32066008,0.43804663,-0.034993686,795.38464,802.23444,802.23444,830.4396,813.91943,0.047302246,0.029968262,0.979431152,0.171966553,-2.549591064,-0.575714111,1,1,1,1,1,97,,0.7395591,0.7751506
11:47.1,2.028468,0.31706926,-0.031382337,2.0446615,2.1100743,-0.0630285,0.07479343,1.9893603,1.4988955,0.08248404,0.38778016,1.3478203,0.7473134,0.3198059,0.8406796,0.6490441,0.45690593,0.31669295,0.5435628,-0.034993686,782.0879,796.99634,797.3993,782.49084,735.7509,0.064086914,0.017700195,1.006408691,-2.82623291,-0.88973999,-3.768310547,1,1,1,1,1,97,,0.8406796,0.7473134
11:48.1,0.617824,0.16489735,-0.10433512,0.8435107,0.4319259,-0.019013604,-0.22406407,0.43146428,0.843454,0.25884336,0.25078553,0.7201309,0.6022619,0.24936871,0.3274947,0.4157298,0.39287862,0.2776243,0.31665057,-9.56E-04,801.8315,796.5934,799.41394,801.8315,872.74725,0.047119141,0.025695801,0.978088379,0.620574951,-3.529052734,-1.211242676,1,1,1,1,1,97,,0.3274947,0.6022619
11:49.2,0.48075205,0.233073,-0.046919435,1.0522404,0.010315777,-0.016990243,-0.6178493,0.5279196,0.43793717,0.23923111,0.2231542,0.7379906,0.541226,0.21075702,0.10432095,0.39070833,0.22981314,0.32074934,-0.21437871,-0.17030379,797.3993,799.011,797.3993,781.28204,596.7399,0.050720215,0.040527344,0.975463867,0.755157471,-3.76083374,-2.011260986,1,1,1,1,1,97,,0.10432095,0.541226
11:50.2,0.44832245,0.29005525,0.09544391,0.8279572,0.06922694,-0.009146296,-0.23795545,0.4519473,0.3577242,0.14389719,0.2132824,0.55892825,0.5147989,0.17476207,0.073517635,0.37373844,0.26630425,0.3118742,-0.21735822,-0.03747386,798.20514,798.60803,793.36993,801.4286,937.619,0.062805176,0.041320801,0.980651855,-0.246734619,-2.00378418,-1.300964355,1,1,1,1,1,97,,0.073517635,0.5147989
11:51.2,0.2052839,0.00333476,0.037721217,0.9167074,0.1955093,-0.3309151,-0.17854214,0.38356355,0.5465722,0.19429131,0.2526019,0.840721,0.46009845,0.23949283,-0.14766766,0.2466989,0.45570302,0.34979615,-0.19278008,-0.2207449,793.36993,790.9524,794.57874,778.46155,751.4652,0.05871582,0.039428711,0.981140137,0.007476807,-2.287902832,-0.904693604,1,1,1,1,1,97,,-0.14766766,0.46009845
02-03-24 15:11,,,,,,,,,,,,,,,,,,,,,,,,,,,,,,,,,,,,,,/muse/elements/blink,,
11:52.2,0.15483597,0.11965687,-0.067314215,0.8811373,0.049661197,0.14390597,0.06325024,0.33922783,0.38350478,0.10586263,0.40088135,0.78596824,0.39286885,0.21712635,0.33436033,0.28958666,0.51626045,0.27906242,0.14614362,-0.29741496,809.89014,802.6374,799.41394,794.9817,873.5531,0.05859375,0.040893555,0.974304199,-0.291595459,-1.076660156,-0.829925537,1,1,1,1,1,97,,0.33436033,0.39286885
11:53.3,0.26312926,0.43628874,0.12937914,0.87792236,-0.050598197,0.17669697,0.12635513,0.25124848,0.20349686,0.02832064,0.5185877,0.6633722,0.4683235,0.20335662,0.679357,0.30697966,0.5224688,0.29206398,0.4770415,-0.31557423,807.8755,796.5934,793.7729,801.02563,767.98535,0.059326172,0.038513184,0.977661133,0.650482178,-2.041168213,-0.485992432,1,1,1,1,1,97,,0.679357,0.4683235
11:54.3,-0.03904184,0.062020227,-0.16619341,0.8598386,-0.23378961,-0.05222633,-0.2139478,0.45579293,0.38008586,0.1414345,0.35005888,0.39067376,0.37892446,0.3039127,0.21209306,0.18756725,0.28182238,0.31735972,-0.004661671,-0.20216964,788.5348,797.3993,800.6227,782.8938,832.8571,0.054870605,0.043640137,0.977539063,-0.007476807,-1.719665527,-0.628051758,1,1,1,1,1,97,,0.21209306,0.37892446
11:55.3,-0.05129169,-0.6961947,-0.34947956,0.96198034,-0.0790521,0.043153662,-0.1092785,0.45306295,0.8125605,0.43748966,0.31636208,0.49480852,0.41768506,0.27721393,0.2570206,0.12026618,0.33885503,0.33100516,-0.09582921,-0.19793847,806.6667,798.20514,796.1905,783.2967,849.3773,0.055786133,0.036376953,0.983093262,0.059814453,-1.659851074,0.06729126,1,1,1,1,1,97,,0.2570206,0.41768506
11:56.3,-0.1598923,-0.5644368,-0.5401063,0.87188256,0.19286726,-0.10087693,-0.08626727,0.3377305,0.86172837,0.41454482,0.45149228,0.57798105,0.43938264,0.3383159,0.41192055,0.31046638,0.24583861,0.36323527,-0.048656374,-0.19320753,788.5348,797.8022,798.20514,799.011,736.55676,0.065612793,0.04309082,0.975952148,0.052337646,-2.213134766,-0.463562012,1,1,1,1,1,97,,0.41192055,0.43938264
11:57.3,-4.09E-04,-0.409861,-0.4239983,0.51718533,0.18243037,-0.18566135,-0.031182913,-0.05095809,0.824379,0.18053462,0.41102624,0.54600424,0.25244474,0.36237368,0.24398386,0.30539194,0.21854916,0.28992787,0.051172506,-0.16262747,774.0293,799.41394,799.41394,770,749.45056,0.062316895,0.050109863,0.981262207,0.650482178,-2.138366699,-0.441131592,1,1,1,1,1,97,,0.24398386,0.25244474
02-03-24 15:11,,,,,,,,,,,,,,,,,,,,,,,,,,,,,,,,,,,,,,/muse/elements/blink,,
11:58.3,0.16049586,-0.06659296,-0.24138094,0.5521961,0.077857435,-0.12126158,-0.3832629,0.037097413,0.683986,0.32277188,0.014366111,0.45935503,0.12708561,0.3039784,0.17249927,0.23914908,0.29664662,0.30154526,-0.034269173,-0.10224064,790.14655,805.8608,797.8022,807.47253,855.42126,0.064025879,0.051696777,0.981262207,0.403747559,0,-0.104675293,1,1,1,1,1,97,,0.17249927,0.12708561
11:59.3,-0.40516344,-0.072920375,-0.07415485,0.7784098,-0.07750156,-0.7666496,-0.42996478,0.15533192,0.55470526,0.3342936,-0.046693996,0.42896605,0.41598102,0.12760213,0.14098369,0.35528567,0.36666563,0.25956392,-0.1425157,-0.21267639,790.9524,808.68134,796.5934,790.9524,902.5641,0.063049316,0.056762695,0.977050781,0.082244873,-2.818756104,-0.433654785,1,1,1,1,1,97,,0.14098369,0.41598102
12:00.4,-0.08348366,-0.19640657,-0.11661645,0.97888815,0.18806848,-0.35243607,-0.34515786,0.19336204,0.62714136,0.290632,-0.051291425,0.5208736,0.42961213,0.08014545,0.068188556,0.3641798,0.27477854,0.18470259,-0.08219279,-0.08744484,795.38464,793.7729,801.8315,797.3993,864.2857,0.065979004,0.048156738,0.975769043,0.508422852,-2.272949219,-0.523376465,1,1,1,1,1,97,,0.068188556,0.42961213
12:01.4,0.20281337,0.06300611,-0.24425584,0.8474553,0.21724094,-0.1226081,-0.18293202,0.14600846,0.5412346,0.33057868,0.25372568,0.6699297,0.50498027,0.2821121,-0.013283699,0.3795265,0.25204045,0.20966038,-0.10158299,-0.17072871,770,794.9817,803.8461,787.326,858.24176,0.066345215,0.046264648,0.979003906,-0.097198486,-1.809387207,-1.128997803,1,1,1,1,1,97,,-0.013283699,0.50498027
12:02.4,0.17609823,0.017895574,0.1351105,0.7111093,-0.017125968,-0.088377975,-0.12543525,0.33837676,0.49174678,0.26474786,0.13764098,0.6154849,0.359334,0.3033969,-0.11110389,0.3792522,0.31392926,0.14558706,-0.21893202,-0.07652464,801.8315,793.7729,807.0696,788.1319,785.31134,0.074401855,0.046020508,0.97668457,-0.299072266,-1.831817627,-1.457977295,1,1,1,1,1,97,,-0.11110389,0.359334
02-03-24 15:12,,,,,,,,,,,,,,,,,,,,,,,,,,,,,,,,,,,,,,/muse/elements/blink,,
12:03.4,-0.19199763,-0.10537586,0.14828978,0.8093402,-0.19793382,-0.15632626,-0.174324,0.3084436,0.5806593,-0.036388382,-0.02848757,0.41539824,0.41882583,0.22362946,0.027192846,0.26071396,0.29941252,0.24273165,-0.075594634,-0.09502207,810.696,799.011,796.99634,806.6667,801.02563,0.075134277,0.05090332,0.985473633,0.06729126,-1.794433594,-0.306549072,1,1,1,1,1,97,,0.027192846,0.41882583
12:04.4,-0.21792373,-0.015755113,0.061164517,0.92592406,-0.19244634,-0.12781264,-0.06152025,0.5026496,0.33517906,0.019310387,0.11922958,0.13034964,0.3169057,0.109404474,0.06546598,0.1561195,0.39522672,0.20939381,-0.085894905,-0.01377712,796.1905,792.1612,793.7729,821.1722,738.5714,0.074890137,0.053771973,0.977661133,0.119628906,-1.854248047,-0.515899658,1,1,1,1,1,97,,0.06546598,0.3169057
12:05.4,-0.051039256,0.01309946,-0.028783517,0.97632396,0.22601788,-0.14084612,0.009286693,0.38384768,0.328245,0.01765067,0.113769904,0.42638808,0.58640254,0.2166434,0.21996239,0.21676487,0.2664933,0.2100296,-0.12256614,-0.10825638,801.4286,793.36993,793.7729,797.8022,785.7143,0.071472168,0.055541992,0.976928711,0.014953613,-1.517791748,-0.545806885,1,1,1,1,1,97,,0.21996239,0.58640254
12:06.5,0.20820709,0.3898442,-0.26040503,1.0021249,0.20390579,-0.22050415,-0.27599686,0.61486256,0.2576767,0.03807907,0.0906202,0.6182748,0.47230083,0.21725999,0.1144343,0.38369033,0.29166397,0.14075272,-0.15470965,0.027485825,793.36993,807.47253,791.75824,784.5055,850.989,0.071716309,0.051696777,0.985351563,0.276641846,-2.235565186,-1.143951416,1,1,1,1,1,97,,0.1144343,0.47230083
02-03-24 15:12,,,,,,,,,,,,,,,,,,,,,,,,,,,,,,,,,,,,,,/muse/elements/blink,,
12:07.5,0.31127596,0.2929416,-0.15432607,1.3247819,-0.25844762,-0.025996907,-0.48480305,1.4230025,-0.02777322,0.19611928,0.24425653,1.0876639,0.3936846,0.24327321,0.32231343,0.3518485,0.24041383,0.2257105,0.01122728,-0.032204784,788.1319,794.9817,796.99634,800.2198,867.50916,0.073669434,0.046508789,0.971191406,-0.224304199,-1.211242676,0.037384033,1,1,1,1,1,97,,0.32231343,0.3936846
12:08.5,-0.5501953,0.12050615,-0.23747225,1.1474551,-0.049277436,0.081410475,-0.3931215,1.2860652,0.4719083,0.1737816,0.25678584,1.0867988,0.5115492,0.22141714,0.2771215,0.34495774,0.42392153,0.3057171,0.06412484,-0.08833767,807.47253,797.8022,807.47253,791.75824,815.5311,0.069946289,0.046264648,0.979614258,0.194396973,-1.622467041,-0.643005371,1,1,1,1,1,97,,0.2771215,0.5115492
12:09.5,-0.027683752,-0.078361794,-0.04948605,0.59072554,-0.011551861,-0.10777003,0.015489472,0.4030355,0.6815192,0.41334835,0.14202833,0.56745106,0.5792503,0.16143486,0.12677397,0.24732307,0.3055872,0.24637738,-0.09597207,-0.144742,802.6374,800.6227,803.44324,809.89014,813.91943,0.067565918,0.04486084,0.973815918,0.328979492,-1.704711914,-1.166381836,1,1,1,1,1,97,,0.12677397,0.5792503
12:10.5,0.19710627,-0.31887785,0.07895832,0.91741997,0.16727844,-0.015375404,-0.05366821,0.46969175,0.6269982,0.3948864,0.15509008,0.528334,0.44609922,0.2634613,0.18404965,0.41192418,0.18341002,0.2613773,0.001887772,0.021413464,789.7436,789.34064,792.5641,795.38464,816.337,0.079467773,0.051086426,0.977722168,0.127105713,-2.676696777,-0.770111084,1,1,1,1,1,97,,0.18404965,0.44609922
12:11.5,-0.030877488,-0.11753092,0.019761559,0.8975345,0.15049225,0.08198391,-0.082683116,0.5430109,0.4281127,0.23269063,0.17561664,0.91312724,0.53130186,0.30714676,0.16594912,0.5341264,0.24637258,0.18969601,-0.08998456,-0.13455006,810.696,797.8022,803.8461,802.23444,990.40295,0.065551758,0.04486084,0.975280762,0.478515625,-2.033691406,-0.598144531,1,1,1,1,1,97,,0.16594912,0.53130186
02-03-24 15:12,,,,,,,,,,,,,,,,,,,,,,,,,,,,,,,,,,,,,,/muse/elements/blink,,
12:12.6,0.009394224,0.047232453,-0.04099251,0.95571667,0.08766688,-0.12681745,-0.09492961,0.5118602,0.75202125,0.2883131,0.2252912,0.89929616,0.46056893,0.23141801,0.20962389,0.37138456,0.22576639,0.27103496,0.035186626,-0.13665769,778.46155,797.8022,803.0403,795.38464,804.65204,0.07611084,0.048339844,0.975708008,0.239257813,-1.951446533,-0.373840332,1,1,1,1,1,97,,0.20962389,0.46056893
12:13.6,-0.019158969,0.28810793,-0.055854667,0.895332,0.13839647,-0.027365329,0.061840314,0.4199736,0.7098453,0.49752182,0.6013919,0.41779095,0.23627217,0.21925868,0.40212843,0.32727832,0.27735972,0.30322397,0.3175282,-0.055927325,790.14655,790.14655,801.02563,786.52014,824.3956,0.071350098,0.048156738,0.977661133,0.657958984,-1.839294434,-0.942077637,1,1,1,1,1,97,,0.40212843,0.23627217
12:14.6,0.25028715,-0.077854864,-0.36588448,0.64633423,0.25004682,-0.001327634,-0.017547294,0.50774604,0.4727023,0.4032529,0.5749358,0.6353791,0.34748358,0.15703301,0.48578882,0.4471691,0.106628455,0.25590676,0.18813244,-0.027295334,794.9817,790.54944,803.44324,791.3553,961.39197,0.065734863,0.048400879,0.977600098,-0.239257813,0.007476807,-0.93460083,1,1,1,1,1,97,,0.48578882,0.34748358
12:15.6,0.18040083,0.17399633,0.040228352,0.88278633,0.21756001,0.029850325,0.2117031,0.5933819,0.8804205,0.35544604,0.50342494,0.6358969,0.39310127,0.2827982,0.68033576,0.34501913,0.057618294,0.26926017,0.46055043,-0.19783944,802.6374,796.5934,799.81683,805.8608,908.60803,0.063049316,0.047729492,0.972351074,2.347717285,-2.572021484,-2.123413086,1,1,1,1,1,97,,0.68033576,0.39310127
02-03-24 15:12,,,,,,,,,,,,,,,,,,,,,,,,,,,,,,,,,,,,,,/muse/elements/blink,,
02-03-24 15:12,,,,,,,,,,,,,,,,,,,,,,,,,,,,,,,,,,,,,,/muse/elements/blink,,
12:16.6,-0.08039842,0.18422152,0.03672994,1.0172827,0.22189271,0.06613968,0.073313326,0.6895261,0.7809726,0.3553717,0.41271248,0.62206274,0.55532616,0.33301252,0.6378768,0.32438487,0.06068349,0.25908065,0.5463995,-0.2786214,793.7729,799.81683,806.6667,828.8278,772.8205,0.067016602,0.049255371,0.980163574,-0.456085205,-1.86920166,-1.607513428,1,1,1,1,1,97,,0.6378768,0.55532616
12:17.6,0.28846583,0.061539922,-0.25773612,1.3266574,-7.47E-04,0.18997163,-0.2153014,1.1878662,0.42783725,0.11719321,0.2658243,1.0400294,0.5356721,0.3068925,0.6971116,0.5455996,0.019941643,0.18162982,0.6208523,-0.031747818,724.87177,791.75824,827.2161,755.4945,581.8315,0.075561523,0.05657959,0.978027344,0.149536133,-1.121520996,0.239257813,1,1,1,1,1,97,,0.6971116,0.5356721
02-03-24 15:12,,,,,,,,,,,,,,,,,,,,,,,,,,,,,,,,,,,,,,/muse/elements/blink,,
02-03-24 15:12,,,,,,,,,,,,,,,,,,,,,,,,,,,,,,,,,,,,,,/muse/elements/blink,,
02-03-24 15:12,,,,,,,,,,,,,,,,,,,,,,,,,,,,,,,,,,,,,,/muse/elements/blink,,
12:18.6,0.9107822,0.035981514,-0.13664909,1.3531581,1.9267536,0.22607376,0.090663746,1.970322,1.2336906,0.1617988,0.6157956,1.2646624,0.6782797,0.17396025,0.569603,0.53160214,0.11839267,0.19941436,0.5850246,-0.104324184,804.2491,804.65204,803.0403,802.6374,780.87915,0.063537598,0.04119873,0.979125977,0.216827393,-2.370147705,-0.366363525,1,1,1,1,1,97,,0.569603,0.6782797
12:19.7,1.2492042,-0.08799219,0.005387256,1.4327499,2.2021341,0.09491446,0.12866542,1.9843888,1.2337689,0.19679718,0.728176,1.2839061,0.7367902,0.2941983,0.8805277,0.48195547,0.22301939,0.27347192,0.78609127,-0.13981004,796.1905,797.3993,817.9487,805.05493,825.6044,0.067565918,0.048950195,0.978149414,-0.074768066,-1.629943848,-0.471038818,1,1,1,1,1,97,,0.8805277,0.7367902
02-03-24 15:12,,,,,,,,,,,,,,,,,,,,,,,,,,,,,,,,,,,,,,/muse/elements/blink,,
12:20.7,0.7835541,0.49922505,0.5668162,0.7683366,0.0444387,0.08840885,0.23726197,0.52095205,0.6244858,0.39700308,0.6352576,0.5441361,0.5365752,0.3049853,0.70311064,0.39806867,0.12655342,0.34622055,0.61288434,-0.2009685,801.4286,789.34064,801.8315,814.3223,851.39197,0.07232666,0.051513672,0.973693848,0,-1.472930908,-0.530853271,1,1,1,1,1,97,,0.70311064,0.5365752
12:21.7,0.927921,0.47483227,0.55817515,1.4175556,0.036284808,0.13855729,0.20919068,1.5092808,0.594918,0.44675437,0.488242,1.2732365,0.5544905,0.24491064,0.6001214,0.614177,0.09131326,0.25034156,0.20474157,-0.08590724,805.4579,799.81683,807.8755,807.47253,772.8205,0.064025879,0.053710938,0.97845459,0.082244873,-2.564544678,-0.777587891,1,1,1,1,1,97,,0.6001214,0.5544905
12:22.7,0.31211695,0.14856987,-0.22592767,1.0166922,0.19845563,0.035365406,-0.013869075,1.0091908,0.75149196,0.25626847,0.14705968,0.9702623,0.48588464,0.32487625,0.52867186,0.44808108,0.06154759,0.25804728,0.1029475,-0.043890584,794.57874,789.34064,807.8755,792.96704,789.34064,0.070617676,0.054260254,0.98236084,0.216827393,-2.115936279,0.082244873,1,1,1,1,1,97,,0.52867186,0.48588464
12:23.7,0.32665414,0.00729216,-0.016764091,1.0176364,-0.001466126,0.112667605,0.06589537,0.81725883,0.6445636,0.22815143,0.1459876,0.7971005,0.32618785,0.21850431,0.31249323,0.37003773,0.1700694,0.18022263,2.43E-04,-0.089035094,796.5934,796.99634,799.41394,786.9231,808.2784,0.067932129,0.037841797,0.980163574,-0.127105713,-1.166381836,-1.487884521,1,1,1,1,1,97,,0.31249323,0.32618785
02-03-24 15:12,,,,,,,,,,,,,,,,,,,,,,,,,,,,,,,,,,,,,,/muse/elements/blink,,
12:24.7,0.28511804,0.114187315,-0.16156517,1.0577323,0.17951913,0.088890076,-0.15216349,0.7028177,0.5068072,0.16222516,0.17290299,0.70263106,0.26940075,0.17329717,0.12961447,0.28693938,0.3345773,0.14691767,0.13690053,-0.17915155,803.0403,803.44324,793.36993,794.9817,782.0879,0.070922852,0.048706055,0.974731445,0.672912598,-2.086029053,-0.575714111,1,1,1,1,1,97,,0.12961447,0.26940075
12:25.8,0.19715197,0.048481744,-0.42822412,0.86959904,0.38543347,0.00657102,-0.2621187,0.39047393,0.48490375,0.12986813,0.26887354,0.5268815,0.27938464,0.14915174,0.3325625,0.3118557,0.32563496,0.19393368,0.26145458,-0.05218616,800.6227,793.36993,807.0696,811.50183,763.95605,0.071350098,0.054077148,0.976928711,0.336456299,-2.482299805,-0.216827393,1,1,1,1,1,97,,0.3325625,0.27938464
02-03-24 15:12,,,,,,,,,,,,,,,,,,,,,,,,,,,,,,,,,,,,,,/muse/elements/blink,,
02-03-24 15:12,,,,,,,,,,,,,,,,,,,,,,,,,,,,,,,,,,,,,,/muse/elements/blink,,
12:26.8,0.2322999,-0.09263505,-0.17307585,0.86959904,0.34928703,-0.04233022,-0.20365436,0.39047393,0.44056284,0.018965906,0.3292703,0.5268815,0.5576286,0.113106556,0.275291,0.3118557,0.08128462,0.2520939,0.038885303,-0.05218616,706.7399,798.60803,797.3993,716.8132,783.69965,0.066040039,0.054260254,0.982666016,0.500946045,-2.086029053,0.1121521,1,1,1,1,1,97,,0.275291,0.5576286
02-03-24 15:12,,,,,,,,,,,,,,,,,,,,,,,,,,,,,,,,,,,,,,/muse/elements/blink,,
12:27.8,0.3466938,-0.12697946,-0.40049988,0.86959904,0.23487337,0.17200068,-0.15338702,0.39047393,0.34672737,0.098687366,0.61925334,0.5268815,0.4268283,0.27484468,0.39751738,0.3118557,-0.056422822,0.23834628,0.23892117,-0.05218616,778.46155,804.2491,803.44324,783.69965,701.9048,0.067871094,0.046569824,0.982727051,-0.08972168,-1.89163208,-1.218719482,1,1,1,1,1,97,,0.39751738,0.4268283
12:28.8,0.33379787,-0.06010429,-0.11636842,0.6154917,-0.034749977,-0.054071445,-0.183889,0.4052822,0.5244714,0.32415223,0.6142722,0.8824326,0.28905812,0.32429868,0.34628126,0.48568302,0.107493594,0.18835746,0.12043824,-0.12641777,810.696,794.9817,794.57874,797.8022,828.8278,0.068359375,0.05255127,0.973022461,-0.336456299,-1.502838135,-0.515899658,1,1,1,1,1,97,,0.34628126,0.28905812
12:29.8,0.17953458,0.16677272,-0.13208513,0.8558844,-0.058655445,-0.32713023,-0.12211408,0.6075914,0.5835529,0.35304418,0.53981525,0.90713173,0.40235886,0.18628758,0.3025112,0.2950078,0.06263584,0.12478379,0.2567177,-0.18146661,790.54944,803.8461,789.7436,799.41394,812.3077,0.061889648,0.052734375,0.970581055,0.04486084,-0.986938477,-1.203765869,1,1,1,1,1,97,,0.3025112,0.40235886
12:30.8,0.124031864,0.248744,-0.21810406,0.9414363,-0.22213946,-0.20336391,-0.1945945,0.7861233,0.3542623,0.22411916,0.25070173,0.7314064,0.39054883,0.24752823,0.42385387,0.26777482,-0.005773104,0.23344721,0.38965946,-0.1627836,801.4286,794.9817,787.72894,821.978,858.6447,0.069274902,0.055114746,0.976806641,0.291595459,-1.682281494,-0.119628906,1,1,1,1,1,97,,0.42385387,0.39054883
02-03-24 15:12,,,,,,,,,,,,,,,,,,,,,,,,,,,,,,,,,,,,,,/muse/elements/blink,,
12:31.8,0.11491383,0.10813658,0.14404558,1.0864551,0.1254739,-0.12949133,-0.17303893,0.8846408,0.625538,0.041173737,0.2858088,0.7381699,0.3029794,0.19591166,0.5730549,0.4319796,-0.17843948,0.2673805,0.3630566,-0.14558826,803.8461,793.7729,799.011,790.14655,845.34796,0.070495605,0.054260254,0.981445313,0.13458252,-1.742095947,-0.740203857,1,1,1,1,1,97,,0.5730549,0.3029794
12:32.9,-0.006916821,-0.02797152,0.20614094,0.75896865,-0.19411269,-0.34232897,-0.012325916,0.685623,0.11506873,0.20682912,0.2907092,0.54830635,0.31338912,0.22977394,0.66054237,0.4156058,0.08501801,0.27053502,0.34579146,-0.17644836,797.3993,801.8315,801.02563,808.2784,844.1392,0.070129395,0.049682617,0.973449707,-0.86730957,-1.248626709,-0.687866211,1,1,1,1,1,97,,0.66054237,0.31338912
12:33.9,0.097653225,-0.2789719,0.08685681,1.2342395,0.021226993,-0.18530637,-0.082883164,0.9449217,0.39993763,0.15483513,0.47613794,1.3310968,0.30792052,0.21424381,0.49219984,0.6388658,0.10469425,0.23314267,0.49688312,-0.104470536,837.28937,799.41394,801.02563,838.0952,750.2564,0.062255859,0.053833008,0.97857666,0.074768066,-2.751464844,-1.241149902,1,1,1,1,1,97,,0.49219984,0.30792052
02-03-24 15:12,,,,,,,,,,,,,,,,,,,,,,,,,,,,,,,,,,,,,,/muse/elements/blink,,
02-03-24 15:12,,,,,,,,,,,,,,,,,,,,,,,,,,,,,,,,,,,,,,/muse/elements/blink,,
12:34.9,0.3171865,-0.054844335,0.29715654,1.4065533,0.15860349,0.052127935,0.056502976,1.0504454,0.3822316,0.33520836,0.4766322,1.3310968,0.19577768,0.3319172,0.5813104,0.7608206,-0.010784525,0.17195669,0.5679402,-0.060317256,790.54944,795.78754,795.38464,804.65204,876.3736,0.067749023,0.045166016,0.975341797,0.568237305,-2.138366699,-0.269165039,1,1,1,1,1,97,,0.5813104,0.19577768
12:35.9,-0.020757249,-0.004045479,0.05061373,1.0806608,0.23526774,-0.09269953,0.12227734,0.56147784,0.6705881,0.23361959,0.7583962,0.9593567,0.29734364,0.3331272,0.59833974,0.4629854,-0.018857671,0.20402363,0.43345276,-0.22675852,789.34064,794.17584,806.26373,798.60803,752.674,0.067199707,0.050537109,0.98449707,-0.358886719,-1.143951416,-0.500946045,1,1,1,1,1,97,,0.59833974,0.29734364
12:37.0,0.20102952,0.021278692,-0.16460927,1.1056601,0.34206402,-0.11439825,0.09151648,0.4812582,0.6705881,0.09063982,0.8126461,0.9589028,0.3154638,0.21179032,0.53864646,0.47022584,-0.029801589,0.16286777,0.4795752,-0.1701301,792.5641,803.0403,790.14655,770.40295,878.7912,0.069152832,0.046020508,0.991455078,1.727142334,-2.586975098,0.142059326,1,1,1,1,1,97,,0.53864646,0.3154638
12:38.0,0.07138345,-0.10042134,-0.12379566,1.1571492,0.07885952,-0.027177429,-0.009084022,0.36726335,0.64249766,0.23822117,0.52630895,0.5407207,0.34911606,0.25657412,0.47145215,0.4022694,-0.12178679,0.10652873,0.07439456,-0.08248246,797.3993,805.05493,812.71063,796.99634,867.1062,0.061096191,0.038818359,0.977416992,0.164489746,-1.06918335,-1.128997803,1,1,1,1,1,97,,0.47145215,0.34911606
12:39.0,0.392118,0.07444529,0.24966624,1.1707287,0.27807188,-0.13251665,-0.2615158,0.13107692,0.61068773,0.33467886,0.24638267,0.6017048,0.5062511,0.50192183,0.3993438,0.5722451,0.010815593,0.20525791,0.10954521,0.05242121,798.20514,795.38464,792.1612,780.4762,828.8278,0.061523438,0.038757324,0.984008789,0.1121521,-0.657958984,-0.254211426,1,1,1,1,1,97,,0.3993438,0.5062511
12:40.0,0.4678995,0.30557495,0.21398525,0.9378509,0.32469714,0.14206494,-0.18848123,0.5512826,0.68014026,0.3792712,0.1321796,0.8172559,0.43959954,0.53023034,0.3176435,0.47483936,0.060797527,0.17989689,0.07235893,0.038396895,792.5641,795.78754,778.86444,786.1172,829.2308,0.06463623,0.042297363,0.97644043,0.06729126,-1.502838135,-0.568237305,1,1,1,1,1,97,,0.3176435,0.43959954
12:41.0,0.2370308,0.40645954,0.28018865,0.725085,0.38409057,0.27877793,0.07795452,0.79259926,0.769394,0.47076622,0.33904302,0.7709827,0.3655359,0.38453802,0.12161783,0.39450765,0.14905763,0.30224335,0.10803443,0.13872887,796.5934,797.8022,803.44324,803.44324,697.47253,0.068664551,0.05090332,0.978210449,0.276641846,-1.764526367,-0.224304199,1,1,1,1,1,97,,0.12161783,0.3655359
12:42.1,0.3261362,0.52550614,0.3582135,0.9675107,0.3439062,0.31973982,0.14230244,0.81424326,0.77776414,0.53565526,0.62030077,0.8595668,0.35850158,0.38456866,0.043362837,0.2364384,0.05090443,0.27692178,0.07583272,0.031113151,802.6374,809.4872,795.38464,804.65204,857.4359,0.063354492,0.041748047,0.980651855,0.418701172,-2.317810059,-0.179443359,1,1,1,1,1,97,,0.043362837,0.35850158
02-03-24 15:12,,,,,,,,,,,,,,,,,,,,,,,,,,,,,,,,,,,,,,/muse/elements/blink,,
12:43.1,0.34959278,-0.030227868,-0.07344541,1.0311621,0.18576996,0.019033894,-0.05257664,0.71398,0.33536932,0.5296863,0.5393233,0.8582075,0.25976813,0.22632468,0.118873164,0.19496067,-0.035120547,0.33084872,0.13055472,-0.16189432,837.6923,810.696,805.8608,866.7033,880.80585,0.068786621,0.046264648,0.97857666,0,-1.076660156,-0.91217041,1,1,1,1,1,97,,0.118873164,0.25976813
12:44.1,0.5629132,-0.08112184,-0.027804926,0.7892399,0.43962234,0.16220182,-0.17485929,0.8315197,0.1808316,0.41192618,0.21050628,0.5994858,0.2853461,0.21625112,0.40527365,0.17553574,-0.056257654,0.15528293,0.4708792,-0.19515117,803.8461,796.1905,792.5641,799.81683,757.9121,0.070129395,0.047790527,0.985107422,0.149536133,-2.429962158,-0.800018311,1,1,1,1,1,97,,0.40527365,0.2853461
12:45.2,0.355022,-0.12333044,-0.16930418,0.7143461,-0.08591853,-0.05783971,-0.31655243,0.7647845,0.41926023,-0.1946279,0.3118937,0.8359806,0.1883566,0.18258905,0.30064455,0.50158495,-0.27325013,-0.0865041,0.08346751,-0.2139042,799.81683,793.7729,792.96704,796.99634,657.5824,0.060913086,0.05078125,0.981750488,-0.02243042,-1.727142334,-0.456085205,1,1,1,1,1,97,,0.30064455,0.1883566
12:46.2,0.10905171,-0.2877645,-0.15286149,0.9904541,-0.13590164,-0.24181125,-0.18398069,0.8675306,0.17410466,-0.10365061,-0.011895026,0.6846807,0.21654466,0.17827578,0.1697992,0.4242598,-0.16819988,0.085295014,-0.11471287,-0.121473856,795.78754,797.3993,796.1905,784.90845,705.9341,0.061279297,0.038024902,0.986328125,0.186920166,-1.585083008,-0.829925537,1,1,1,1,1,97,,0.1697992,0.21654466
02-03-24 15:12,,,,,,,,,,,,,,,,,,,,,,,,,,,,,,,,,,,,,,/muse/elements/blink,,
02-03-24 15:12,,,,,,,,,,,,,,,,,,,,,,,,,,,,,,,,,,,,,,/muse/elements/blink,,
12:47.2,-0.36226392,0.15690227,-0.09086359,1.0360718,0.09584223,-0.07777759,-0.059479825,0.7555512,0.1792324,0.18548241,0.21333301,0.6157199,0.139617,0.24655098,0.16839868,0.35450864,-0.14575332,0.123618804,-0.02445785,-0.31688532,826.8132,785.31134,800.2198,840.10986,770.80585,0.060424805,0.048034668,0.973632813,0.104675293,-1.8019104,-0.725250244,1,1,1,1,1,97,,0.16839868,0.139617
02-03-24 15:12,,,,,,,,,,,,,,,,,,,,,,,,,,,,,,,,,,,,,,/muse/elements/blink,,
02-03-24 15:12,,,,,,,,,,,,,,,,,,,,,,,,,,,,,,,,,,,,,,/muse/elements/blink,,
02-03-24 15:12,,,,,,,,,,,,,,,,,,,,,,,,,,,,,,,,,,,,,,/muse/elements/blink,,
12:48.2,1.7520401,0.27307007,0.13455147,1.695546,2.4809432,0.21788898,0.43406424,2.352918,1.7978289,0.25196677,0.37574285,1.6106015,0.7746159,0.34122163,0.44049358,0.6776889,0.061066847,0.27680537,0.18636131,-0.13872583,794.9817,799.41394,800.6227,809.0842,769.59705,0.072021484,0.041442871,0.976989746,-0.284118652,-1.674804688,-0.635528564,1,1,1,1,1,97,,0.44049358,0.7746159
12:49.3,1.7519599,0.31089082,-0.005399327,1.799949,2.2972584,0.27917027,0.2518736,2.2630918,1.6969671,0.44752446,0.6132981,1.5409441,0.67223626,0.2636549,0.36336762,0.5441885,-0.03276144,0.29004407,0.17789255,-0.12181171,799.011,797.8022,787.326,791.3553,894.10254,0.057861328,0.057861328,0.980529785,0.927124023,-2.474822998,0.971984863,1,1,1,1,1,97,,0.36336762,0.67223626
02-03-24 15:12,,,,,,,,,,,,,,,,,,,,,,,,,,,,,,,,,,,,,,/muse/elements/blink,,
12:50.3,0.68870187,0.23128177,-0.09743423,1.2904955,0.015352698,0.0688907,0.027819606,0.60496366,0.81780654,0.4117947,0.5982367,0.92334723,0.23025978,0.3369619,0.2097402,0.28718984,-0.29053655,0.22406495,0.013814426,-0.12126666,805.4579,801.8315,797.8022,813.5165,788.93774,0.058410645,0.048828125,0.981872559,-0.157012939,-1.854248047,-0.829925537,1,1,1,1,1,97,,0.2097402,0.23025978
12:51.3,0.4773842,-0.0840875,0.26836985,1.1029154,-0.1002601,0.090724714,0.11080404,0.7652699,0.2767273,0.28716677,0.27115372,0.19324224,0.03251181,0.29396182,0.08776072,0.34108397,-0.37989894,0.15304342,-0.007958407,-0.012580392,791.3553,790.14655,805.4579,792.5641,846.9597,0.06427002,0.05670166,0.981994629,-0.515899658,-2.0262146,-1.106567383,1,1,1,1,1,97,,0.08776072,0.03251181
12:52.3,0.030729562,-0.25754705,0.28822622,0.6152141,-0.1559626,-0.23256563,0.02605429,0.3058802,0.47077122,0.4340404,0.27728337,0.43995294,0.21170409,0.24272442,0.11107858,0.36540872,-0.08732156,0.136627,0.25551665,-0.068541385,779.67035,793.36993,805.05493,786.9231,703.1135,0.056091309,0.048278809,0.975524902,0.007476807,-1.151428223,-0.702819824,1,1,1,1,1,97,,0.11107858,0.21170409
02-03-24 15:12,,,,,,,,,,,,,,,,,,,,,,,,,,,,,,,,,,,,,,/muse/elements/blink,,
02-03-24 15:12,,,,,,,,,,,,,,,,,,,,,,,,,,,,,,,,,,,,,,/muse/elements/blink,,
12:53.3,0.120869085,-0.15893376,0.050714433,1.0162668,-0.2299618,0.037070777,-0.112160206,1.2053486,0.17868446,0.39074817,0.21976122,1.0488663,0.22115684,0.26907647,0.13917492,0.36456898,-0.15066002,0.22489263,0.2345678,-0.07993415,790.9524,790.54944,803.0403,797.3993,785.7143,0.060180664,0.054748535,0.973754883,0.037384033,-2.168273926,0.082244873,1,1,1,1,1,97,,0.13917492,0.22115684
02-03-24 15:12,,,,,,,,,,,,,,,,,,,,,,,,,,,,,,,,,,,,,,/muse/elements/blink,,
12:54.3,2.1294932,-0.024087003,0.12150708,2.0503323,2.1388164,0.2500041,0.11831969,1.9895183,1.5309291,0.25474986,0.24800986,1.4921141,0.3408585,0.30671057,0.116534516,0.27712378,-0.22670694,0.26010182,0.023809016,-0.20340277,802.23444,812.3077,802.23444,785.31134,789.34064,0.053710938,0.05090332,0.975341797,0.029907227,-1.345825195,-0.448608398,1,1,1,1,1,97,,0.116534516,0.3408585
12:55.3,1.148237,0.31511748,-0.31604332,0.5520231,0.9927955,0.2013345,-0.2104897,0.50113493,0.9692738,0.08394568,0.22674939,0.571397,0.17382836,0.2548371,0.33041134,0.29710075,-0.20644192,0.2947313,-0.17410478,-0.054731008,782.49084,794.17584,795.78754,805.05493,732.9304,0.064819336,0.048461914,0.97467041,-0.216827393,-1.114044189,-0.605621338,1,1,1,1,1,97,,0.33041134,0.17382836
12:56.4,0.24088877,0.10961846,-0.15763359,1.0189395,0.17052774,-0.007032934,-0.37189838,0.7023455,0.7472749,0.10155993,0.102426335,0.69740665,0.13272211,0.22992598,0.10362299,0.251432,-0.22421727,0.13181373,-0.15231599,-0.24049665,805.05493,798.60803,803.0403,802.23444,612.4542,0.064697266,0.047424316,0.980285645,0.216827393,-1.772003174,-0.523376465,1,1,1,1,1,97,,0.10362299,0.13272211
12:57.4,-0.062053658,0.1383501,-0.17151958,1.0912964,0.13058324,-0.031419825,-0.3926819,0.5991018,0.79033923,0.37084353,0.38019848,0.75346583,0.0750981,0.23521028,0.21718848,0.20497227,-0.10017503,0.1862968,-0.3614622,-0.20293128,794.17584,788.1319,794.57874,805.8608,821.1722,0.062255859,0.051574707,0.979614258,0.04486084,-1.622467041,-1.084136963,1,1,1,1,1,97,,0.21718848,0.0750981
12:58.4,0.27147692,0.2039594,0.06191872,0.9632374,0.20537722,0.06432255,-0.11975753,0.4655689,0.58786345,0.42646402,0.47113538,0.8135518,0.21148987,0.2897236,0.07670978,0.19189644,-0.2381554,0.20591667,-0.27235433,-0.25568384,797.8022,801.4286,794.57874,780.87915,830.84247,0.058410645,0.047180176,0.980163574,0.171966553,-2.228088379,-0.942077637,1,1,1,1,1,97,,0.07670978,0.21148987
02-03-24 15:12,,,,,,,,,,,,,,,,,,,,,,,,,,,,,,,,,,,,,,/muse/elements/blink,,
12:59.4,0.017763313,0.011301436,0.1833843,1.0583044,0.11438106,0.035842683,0.020224158,0.5267665,0.3371686,0.31518665,0.21843207,0.6937978,0.17075604,0.29901636,0.20522252,0.21550792,-0.19157337,0.18561894,-0.2100343,-0.2728432,829.2308,799.011,781.685,832.0513,755.89746,0.061767578,0.045898438,0.979614258,0.052337646,-1.211242676,-1.166381836,1,1,1,1,1,97,,0.20522252,0.17075604
02-03-24 15:12,,,,,,,,,,,,,,,,,,,,,,,,,,,,,,,,,,,,,,/muse/elements/blink,,
13:00.4,-0.024596922,0.06803638,0.31612584,1.2510579,-0.10764557,0.15613604,0.26615694,0.30794218,0.051037177,-0.012320443,0.41693693,0.3425589,-0.016024375,0.2067566,0.63241076,0.10081054,-0.14315215,0.27389106,0.37061095,-0.19388811,784.10254,796.1905,799.81683,788.1319,844.1392,0.056213379,0.048278809,0.979248047,0.097198486,-2.138366699,-1.04675293,1,1,1,1,1,97,,0.63241076,-0.016024375
02-03-24 15:13,,,,,,,,,,,,,,,,,,,,,,,,,,,,,,,,,,,,,,/muse/elements/blink,,
13:01.5,0.9402447,0.11338561,-0.12614428,1.2510579,0.2053265,-0.02602151,-0.12396604,0.30794218,0.4038357,0.0995968,0.30676368,0.3425589,0.20129147,0.25096193,0.66345054,0.10081054,-0.20664607,0.16967434,0.5020767,-0.19388811,798.20514,803.0403,804.65204,789.7436,761.9414,0.056091309,0.050598145,0.971984863,-0.239257813,-2.624359131,0.523376465,1,1,1,1,1,97,,0.66345054,0.20129147
13:02.5,1.0190747,0.2653755,0.6618257,1.2510579,0.2448679,-0.24798894,0.07646002,0.30794218,0.40097582,-0.020968108,0.326341,0.3425589,0.1917323,0.3637195,0.27626324,0.10081054,-0.18430871,0.20488156,0.06277641,-0.19388811,790.14655,792.5641,800.6227,800.2198,843.3333,0.061279297,0.052368164,0.9765625,0.388793945,-1.652374268,-0.568237305,1,1,1,1,1,97,,0.27626324,0.1917323
02-03-24 15:13,,,,,,,,,,,,,,,,,,,,,,,,,,,,,,,,,,,,,,/muse/elements/blink,,
13:03.5,-0.23064183,-0.03718704,0.49116164,1.0727946,0.17028655,-0.095673695,0.03928697,0.49144372,0.6721671,0.28470412,0.22512431,0.7776628,0.08844127,0.38730684,0.36370853,0.40815568,-0.08686243,0.26152477,0.15977511,-0.19419685,823.1868,792.1612,796.5934,824.7985,701.50183,0.05847168,0.05078125,0.98034668,0.732727051,-3.192596436,0.007476807,1,1,1,1,1,97,,0.36370853,0.08844127
02-03-24 15:13,,,,,,,,,,,,,,,,,,,,,,,,,,,,,,,,,,,,,,/muse/elements/blink,,
13:04.5,1.7247623,0.17542738,0.13956675,1.8312093,1.7746544,-0.08312108,0.38539284,1.7816286,1.4195228,0.6815696,0.5089433,1.4767113,0.39030567,0.3904676,0.60445184,0.5411259,-0.26994026,0.18699753,0.36593553,-0.11482234,800.2198,795.78754,806.6667,806.26373,752.674,0.057312012,0.050537109,0.978881836,-0.261688232,-1.697235107,-0.807495117,1,1,1,1,1,97,,0.60445184,0.39030567
02-03-24 15:13,,,,,,,,,,,,,,,,,,,,,,,,,,,,,,,,,,,,,,/muse/elements/blink,,
13:05.5,1.7274433,0.22847621,0.18868603,1.6118755,1.7743273,0.23379144,0.28362375,1.4793664,1.4204526,0.6815696,0.685781,1.3296508,0.36662477,0.26897058,0.5899207,0.49426323,-0.32094762,0.16499634,0.3484784,-0.3356217,838.49817,811.9048,795.38464,824.3956,831.6484,0.05859375,0.04309082,0.986328125,0.029907227,-0.942077637,-0.859832764,1,1,1,1,1,97,,0.5899207,0.36662477
13:06.5,1.3973686,-3.78E-04,-0.25857648,1.6989242,2.1679316,0.40770668,-0.08533035,2.284527,1.5811486,0.025521291,0.60923845,1.4236025,0.46549013,0.27979556,0.7732611,0.7206945,-0.18246421,0.20250799,0.5080095,-0.23513576,785.31134,796.5934,799.41394,800.6227,957.76556,0.052978516,0.054382324,0.983459473,-0.276641846,-0.994415283,-0.06729126,1,1,1,1,1,97,,0.7732611,0.46549013
02-03-24 15:13,,,,,,,,,,,,,,,,,,,,,,,,,,,,,,,,,,,,,,/muse/elements/blink,,
13:07.6,1.3973686,0.009509807,0.07807528,1.7658556,2.1679316,-0.017504409,-0.028709423,2.2711968,1.5811486,-0.046538014,0.43471512,1.3910589,0.46549013,0.3744625,0.72703123,0.7358082,-0.18246421,0.23578516,0.6163522,-0.25302806,804.2491,800.6227,799.011,788.93774,862.27106,0.056762695,0.057983398,0.981933594,-0.171966553,-2.033691406,-1.465454102,1,1,1,1,1,97,,0.72703123,0.46549013
13:08.6,-0.30851865,-0.15311652,0.25300854,0.6903441,0.3578196,-0.22365744,0.033746626,0.6548811,0.5201785,-0.004411059,0.59357405,0.52745354,-0.051376052,0.33484966,0.66808295,0.26984113,-0.11371401,0.22638594,0.8407704,-0.24877071,805.05493,792.5641,794.9817,804.2491,562.8938,0.056335449,0.053955078,0.976623535,0.560760498,-1.84677124,-0.411224365,1,1,1,1,1,97,,0.66808295,-0.051376052
13:09.6,0.19918388,-0.07581259,0.039775945,0.70650375,0.21915245,-0.24972995,-0.19765563,0.59504986,0.9035837,0.1642672,0.55249757,0.84910756,0.27151084,0.2455717,0.5907328,0.33146876,-0.069631696,0.23689178,0.60345936,-0.041044496,792.1612,797.3993,797.8022,780.4762,856.2271,0.052124023,0.054260254,0.985046387,0.239257813,-1.263580322,-1.039276123,1,1,1,1,1,97,,0.5907328,0.27151084
02-03-24 15:13,,,,,,,,,,,,,,,,,,,,,,,,,,,,,,,,,,,,,,/muse/elements/blink,,
13:10.6,0.5676633,-0.04123271,-0.2832723,1.2930841,0.731674,-0.14435373,-0.2939348,1.231513,1.0395358,0.43250412,0.35295865,1.3878255,0.49571738,0.36123025,0.703645,0.45595422,-0.19115713,0.16276038,0.48041072,-0.081941284,809.0842,807.8755,796.1905,817.1429,874.7619,0.056762695,0.062438965,0.980773926,0.08972168,-2.086029053,-0.964508057,1,1,1,1,1,97,,0.703645,0.49571738
13:11.6,0.8581627,0.3635029,-0.009933798,1.2951231,0.21428366,-0.11094314,-0.040016655,1.2073138,0.39849535,0.4100872,0.37042135,1.2904063,0.19156967,0.3595407,0.7029931,0.41132355,-0.49149588,0.10751777,0.4508477,-0.103111975,789.7436,795.78754,810.293,792.5641,869.12085,0.060668945,0.048156738,0.983520508,0.194396973,-1.517791748,-0.800018311,1,1,1,1,1,97,,0.7029931,0.19156967
13:12.7,0.5248822,0.029077519,0.15128805,0.8281485,0.10429219,-0.2075715,-0.07104573,0.7184084,0.4924795,0.4324433,0.35680693,0.869454,0.17181677,0.17133105,0.24678285,0.2785155,-0.23389816,0.23377967,-0.027898623,-0.053140283,802.23444,803.0403,799.81683,796.1905,602.7839,0.05871582,0.051879883,0.971862793,0.06729126,-2.100982666,-0.665435791,1,1,1,1,1,97,,0.24678285,0.17181677
02-03-24 15:13,,,,,,,,,,,,,,,,,,,,,,,,,,,,,,,,,,,,,,/muse/elements/blink,,
13:13.7,0.21800737,-0.024940187,0.23307991,0.7293246,0.09074541,-0.16250834,-0.055164207,0.5795727,0.45926353,0.29880473,-0.015450001,0.69713193,0.16720879,0.3354031,0.087136604,0.3342599,-0.10509114,0.22869162,0.034338176,-0.013723549,826.8132,796.1905,797.8022,814.3223,684.17584,0.067871094,0.061828613,0.986999512,-0.02243042,-1.06918335,-0.014953613,1,1,1,1,1,97,,0.087136604,0.16720879
02-03-24 15:13,,,,,,,,,,,,,,,,,,,,,,,,,,,,,,,,,,,,,,/muse/elements/blink,,
13:14.7,0.36768702,0.23903483,0.11851124,0.91421425,0.15106927,0.0740271,-0.06855099,0.3242709,0.24554184,0.4093741,0.3579632,0.570988,0.26815283,0.23712048,0.33989918,0.42235178,-0.11990101,0.16693784,0.22663021,-0.043066524,796.5934,794.9817,797.8022,792.1612,818.3516,0.055725098,0.061401367,0.977905273,0.747680664,-2.676696777,-0.568237305,1,1,1,1,1,97,,0.33989918,0.26815283
13:15.7,0.4561083,-0.024003612,0.0534015,1.1951891,0.3363989,0.01841363,-0.044139996,0.6472316,0.4841818,0.15668105,0.38995734,0.6647988,0.06691605,0.22509345,0.233908,0.10404339,-0.4741497,0.08136675,0.100469396,-0.18397795,798.60803,793.36993,807.47253,806.6667,830.84247,0.047668457,0.060180664,0.968200684,-0.366363525,-1.300964355,-2.04864502,1,1,1,1,1,97,,0.233908,0.06691605
13:16.7,0.6949633,0.3414675,0.36600178,1.1701456,0.4175142,0.25840604,0.11889262,0.7431877,0.46894887,0.12416332,0.2382799,0.6916056,0.2531181,0.3613765,0.22391991,0.07327528,-0.37698516,0.22044629,0.10070405,-0.21333732,811.9048,801.4286,796.5934,793.36993,831.2454,0.070922852,0.048278809,0.977355957,-0.628051758,-1.039276123,-1.031799316,1,1,1,1,1,97,,0.22391991,0.2531181
13:17.7,0.35413712,0.123328455,0.16362625,1.0969294,-0.00502502,-0.012357578,-0.18242401,0.61722237,0.3122769,-0.027864937,0.30025822,0.7968358,0.2174436,0.24633172,0.344175,0.3543712,-0.10393617,0.27199015,0.2048135,-0.15965864,797.8022,805.05493,798.60803,776.04395,861.8681,0.067382813,0.058776855,0.978759766,0.411224365,-3.596343994,-1.308441162,1,1,1,1,1,97,,0.344175,0.2174436
13:18.8,0.088112645,0.17497286,-0.09231456,1.1944085,-0.104966536,-0.5753433,-0.18277103,0.5403703,0.5742484,-0.038250845,0.29056296,0.66852576,0.29692307,0.23756565,0.45898497,0.3745547,0.004647845,0.31853652,0.08469249,-0.08723488,798.60803,793.7729,788.5348,800.6227,882.4176,0.058166504,0.055786133,0.970214844,-0.08972168,-1.629943848,-0.530853271,1,1,1,1,1,97,,0.45898497,0.29692307
02-03-24 15:13,,,,,,,,,,,,,,,,,,,,,,,,,,,,,,,,,,,,,,/muse/elements/blink,,
13:19.8,-0.14007388,0.122628085,-0.10390889,1.1047616,0.07384388,-0.0822958,-0.0540941,0.43299967,0.3953365,0.13579889,0.29443115,0.45981744,0.34132835,0.139661,0.34710434,0.42760602,-0.022111263,0.28974295,0.144834,-0.014157282,803.44324,800.6227,812.3077,819.5604,787.72894,0.080749512,0.059326172,0.984069824,-0.082244873,-2.400054932,-1.555175781,1,1,1,1,1,97,,0.34710434,0.34132835
13:20.8,0.322596,0.08026424,-0.31802216,0.89088583,0.3544908,-0.03707702,-0.110890254,0.678241,0.5022153,0.31560943,0.3200763,0.6195332,0.07309369,0.17047927,0.27941754,0.306539,-0.18886252,0.06788768,0.20973445,-0.085152976,800.2198,796.5934,799.81683,802.6374,915.8608,0.088684082,0.065429688,0.983398438,0.927124023,-4.022521973,-0.755157471,1,1,1,1,1,97,,0.27941754,0.07309369
02-03-24 15:13,,,,,,,,,,,,,,,,,,,,,,,,,,,,,,,,,,,,,,/muse/elements/blink,,
13:21.8,0.29792738,-0.22380589,-0.19048497,1.1284008,0.3549888,-0.10978838,-0.2895492,0.6477917,0.7445834,0.31934878,0.26270416,0.6250042,0.053874254,0.2328561,0.25414574,0.30639532,-0.18309054,0.07386092,0.031015895,-0.084166825,828.4249,797.8022,779.67035,816.7399,752.674,0.076477051,0.062805176,0.983337402,0.328979492,-1.607513428,-1.143951416,1,1,1,1,1,97,,0.25414574,0.053874254
02-03-24 15:13,,,,,,,,,,,,,,,,,,,,,,,,,,,,,,,,,,,,,,/muse/elements/blink,,
13:22.8,0.343921,-0.08100439,0.13122676,1.2966852,0.40244287,0.03580878,0.13659911,0.5972841,0.6577592,0.069399595,0.22137725,0.4421249,0.0626233,0.33066562,0.36432755,0.27707547,-0.15452282,0.1320697,0.02103107,-0.075181514,783.2967,791.3553,792.5641,787.326,763.5531,0.084655762,0.060119629,0.985412598,0.471038818,-1.93649292,-0.643005371,1,1,1,1,1,97,,0.36432755,0.0626233
13:23.9,0.22700052,0.1358178,0.16861252,0.44190794,-0.058157057,-0.114896335,-0.001480781,0.41967592,0.43720403,0.24172741,0.31000045,0.5657804,-0.05121348,0.2310938,0.38165975,0.43789434,-0.23167598,0.22354575,-0.004325539,-0.042851526,793.7729,796.5934,802.6374,790.9524,895.7143,0.073181152,0.062866211,0.9765625,0.254211426,-1.390686035,-0.882263184,1,1,1,1,1,97,,0.38165975,-0.05121348
13:24.9,0.19855484,0.029953418,-0.17864002,0.8080089,0.18694852,0.029228153,0.03544995,0.34632704,0.46166888,0.17477049,0.15411015,0.6287044,-0.03136305,0.13529317,0.4364057,0.3111711,-0.10543572,0.22214262,-0.07929588,-0.17309992,800.2198,798.20514,788.93774,790.54944,734.94507,0.063476563,0.062866211,0.969848633,0.441131592,-0.84487915,0.426177979,1,1,1,1,1,97,,0.4364057,-0.03136305
02-03-24 15:13,,,,,,,,,,,,,,,,,,,,,,,,,,,,,,,,,,,,,,/muse/elements/blink,,
02-03-24 15:13,,,,,,,,,,,,,,,,,,,,,,,,,,,,,,,,,,,,,,/muse/elements/blink,,
13:25.9,0.8712193,0.29481378,-0.26332557,1.0741141,1.4602439,0.10331308,0.017193872,1.4348649,1.1724657,0.23081498,0.44191366,1.0946563,0.05844301,0.24176562,0.36709097,0.23901929,-0.07754766,0.23190442,0.06090951,-0.40390506,828.4249,795.38464,801.4286,841.7216,697.47253,0.070861816,0.06262207,0.980834961,0.104675293,-1.988830566,-1.114044189,1,1,1,1,1,97,,0.36709097,0.05844301
02-03-24 15:13,,,,,,,,,,,,,,,,,,,,,,,,,,,,,,,,,,,,,,/muse/elements/blink,,
13:26.9,1.737283,0.14854227,0.04166687,1.4925236,2.052813,-0.13810502,0.10677148,2.0347383,1.3129979,0.22028856,0.4684917,1.1960721,0.12064875,0.22366126,0.6143146,0.17214482,-0.18083262,0.12332048,0.45877433,-0.3813513,807.0696,805.8608,801.02563,802.23444,725.6777,0.077331543,0.060791016,0.981079102,-0.97946167,-0.792541504,-1.06918335,1,1,1,1,1,97,,0.6143146,0.12064875
13:27.9,0.21872948,0.17305337,0.07984532,0.91091245,0.022202155,-0.059804864,0.11137166,0.48609754,0.5849897,0.20439951,0.52883387,0.7978368,0.43774158,0.21367562,0.567649,0.5254086,-0.19350564,0.12743351,0.24240203,0.059943456,748.24176,792.1612,794.9817,758.315,923.1135,0.070373535,0.057495117,0.994934082,0.052337646,-1.899108887,-0.732727051,1,1,1,1,1,97,,0.567649,0.43774158
02-03-24 15:13,,,,,,,,,,,,,,,,,,,,,,,,,,,,,,,,,,,,,,/muse/elements/blink,,
02-03-24 15:13,,,,,,,,,,,,,,,,,,,,,,,,,,,,,,,,,,,,,,/muse/elements/blink,,
02-03-24 15:13,,,,,,,,,,,,,,,,,,,,,,,,,,,,,,,,,,,,,,/muse/elements/blink,,
13:29.0,0.14798874,-0.077005945,-0.18319137,1.6323788,-0.073030256,-0.11213214,-0.015803272,1.811487,0.57341594,0.32467905,0.5777242,1.2564255,0.5446737,0.23564313,0.80371356,0.6278522,-0.4229521,0.1804676,0.5296793,0.07250053,811.9048,807.0696,789.7436,808.2784,767.98535,0.07208252,0.065734863,0.98223877,0.358886719,-1.674804688,-0.119628906,1,1,1,1,1,97,,0.80371356,0.5446737
13:30.0,0.14798874,-0.16930674,0.22620621,1.8563411,-0.073030256,-0.17105712,0.089418195,2.0488157,0.57341594,0.28732407,0.40649554,1.2564255,0.5446737,0.32022944,0.76189154,0.62963444,-0.4229521,0.30880237,0.46652108,-0.005793446,804.65204,800.6227,802.23444,790.54944,852.1978,0.064697266,0.060974121,0.981262207,0.695343018,-4.74029541,-0.276641846,1,1,1,1,1,97,,0.76189154,0.5446737
13:31.0,0.410483,-0.10432325,0.20007055,0.93700665,0.19680753,-0.12942272,-0.0525744,0.55646724,0.7268422,0.3227158,0.35199818,1.06429,0.12566987,0.21861188,0.4459507,0.19573863,-0.29567695,0.2351582,0.26544267,-0.17191473,791.75824,801.02563,811.0989,805.05493,906.99634,0.064331055,0.063232422,0.974975586,-0.239257813,-1.218719482,-1.226196289,1,1,1,1,1,97,,0.4459507,0.12566987
02-03-24 15:13,,,,,,,,,,,,,,,,,,,,,,,,,,,,,,,,,,,,,,/muse/elements/blink,,
13:32.0,0.58264416,0.021796575,0.23117927,1.0188051,-0.08853408,-0.022979638,0.22384289,0.523021,0.616112,0.21305715,0.35308325,0.75302535,0.22793509,0.2019513,0.56880873,0.2924994,-0.18682958,0.26761684,0.36063817,-0.022210333,819.9634,792.5641,795.78754,805.4579,793.36993,0.070129395,0.063293457,0.980773926,-0.127105713,-2.220611572,-0.994415283,1,1,1,1,1,97,,0.56880873,0.22793509
02-03-24 15:13,,,,,,,,,,,,,,,,,,,,,,,,,,,,,,,,,,,,,,/muse/elements/blink,,
13:33.1,0.6510964,-0.017087892,0.01177379,1.3154341,0.015328669,0.06258711,0.13955526,1.1740161,0.43790278,0.18792823,0.37857535,0.9519735,0.20669118,0.34135553,0.68160266,0.33865398,-0.1682638,0.19909753,0.50144196,-0.11161809,793.36993,794.57874,802.23444,808.2784,925.5311,0.025390625,0.042236328,0.98651123,-0.747680664,-3.955230713,-2.661743164,1,1,1,1,1,97,,0.68160266,0.20669118
13:34.1,0.014679892,-0.1798214,-0.007322479,0.96993387,-0.001988449,-0.5089247,-0.19517675,0.69466764,0.257594,0.020138733,0.49376476,0.72170514,0.19029571,0.19989629,0.46207938,0.25454766,-0.2890612,0.18542504,0.30148372,-0.09508869,797.8022,804.65204,806.26373,799.011,954.1392,0.060119629,0.069213867,0.962402344,0.149536133,-1.854248047,-1.809387207,1,1,1,1,1,97,,0.46207938,0.19029571
13:35.1,0.054982718,-0.2121094,-0.21425767,0.760045,-0.14182712,-0.29705694,-0.20326951,0.53086185,0.24780896,-0.03564586,0.46407476,0.67840195,0.1392389,0.09928954,0.43159586,0.18089952,-0.2550567,0.13378318,0.20856097,-0.1451644,829.2308,803.8461,788.93774,835.6777,796.1905,0.070068359,0.058959961,0.972595215,0.246734619,-1.323394775,-0.478515625,1,1,1,1,1,97,,0.43159586,0.1392389
02-03-24 15:13,,,,,,,,,,,,,,,,,,,,,,,,,,,,,,,,,,,,,,/muse/elements/blink,,
02-03-24 15:13,,,,,,,,,,,,,,,,,,,,,,,,,,,,,,,,,,,,,,/muse/elements/blink,,
13:36.1,-0.31206378,0.083853364,-0.06284115,1.6673087,0.11320708,0.09664333,-0.002071177,1.470512,0.16285528,0.2596621,0.15738048,1.09468,0.21111426,0.3121204,0.4714041,0.39997306,-0.18088436,0.1826868,0.15270618,-0.06550511,786.9231,793.7729,794.17584,797.8022,922.3077,0.068359375,0.053466797,0.974060059,0.291595459,-1.831817627,-0.650482178,1,1,1,1,1,97,,0.4714041,0.21111426
13:37.1,-0.06171186,0.2396343,0.0993318,1.3399373,0.19158608,0.27273527,-0.07018228,1.0392015,0.51081043,0.1258825,0.09395282,1.0698438,0.13634047,0.21520165,0.38844556,0.22312349,0.038002986,0.28870794,0.032282237,-0.20060016,796.1905,791.75824,793.36993,799.011,912.23444,0.063537598,0.05657959,0.978820801,0.426177979,-2.811279297,-0.381317139,1,1,1,1,1,97,,0.38844556,0.13634047
13:38.2,0.27279857,0.2702782,-0.17529209,0.6595806,0.3871425,0.16918321,-0.15568082,0.30001915,0.7781375,0.35129222,0.08406084,0.6652889,0.23647203,0.13527167,0.32228005,0.21721412,-0.034746394,0.25711206,-0.02640729,-0.20568891,798.60803,799.81683,794.57874,793.7729,1043.5897,0.070007324,0.05078125,0.988708496,0.314025879,-1.472930908,-0.583190918,1,1,1,1,1,97,,0.32228005,0.23647203
13:39.2,0.26951176,-8.60E-04,-0.44572845,0.93654025,-0.011111276,0.1340581,-0.40480223,0.5190581,0.747187,0.30184883,0.023180833,0.9161289,0.2174318,0.21292043,0.22680584,0.28386363,-0.22124556,0.051210266,-0.067376114,-0.17613903,796.5934,802.6374,800.2198,790.54944,786.1172,0.06036377,0.053161621,0.96496582,-0.388793945,-1.921539307,-1.121520996,1,1,1,1,1,97,,0.22680584,0.2174318
13:40.2,0.025947357,0.0323552,-0.26066118,0.85709655,-0.002243908,0.047839615,-0.4348724,0.58896863,0.66157913,0.14051583,0.36483228,0.92170185,0.14313425,0.2593493,0.22273009,0.3077293,-0.2895883,0.19413804,0.2696264,-0.1888892,785.7143,790.14655,794.17584,782.49084,861.4652,0.063415527,0.05670166,0.975769043,0.418701172,-1.398162842,-0.904693604,1,1,1,1,1,97,,0.22273009,0.14313425
13:41.2,0.1122595,0.32715783,0.11977612,0.8746522,0.37400252,-0.29008657,-0.1750237,0.3573204,0.9591372,0.29769406,0.37551543,0.69932634,0.24642897,0.31330347,0.32277325,0.38152304,-0.24181892,0.26195183,0.38293248,-0.12932906,794.9817,799.011,796.1905,799.81683,726.4835,0.065795898,0.061340332,0.981262207,0.284118652,-1.226196289,-0.665435791,1,1,1,1,1,97,,0.32277325,0.24642897
13:42.2,0.24537875,0.19167829,0.083530225,0.83226234,0.53172594,-0.2319738,-0.12175858,0.39978364,0.95005655,0.32187414,0.2903745,0.7410786,0.30375138,0.18481283,0.34097075,0.46776983,-0.27624407,0.21589471,0.013172858,-0.2588669,797.8022,791.75824,797.3993,792.1612,774.43225,0.065124512,0.056030273,0.973449707,-0.254211426,-1.764526367,-0.351409912,1,1,1,1,1,97,,0.34097075,0.30375138
13:43.3,-0.039970085,-0.1879075,-0.10307338,0.70044863,-0.21244223,-0.043836888,-0.19387281,0.38911846,0.3592646,0.29980013,-0.004884785,0.8479652,0.10116247,0.26992443,0.23944634,0.40705332,-0.39715317,0.21589117,-0.07320213,-0.26642713,807.47253,812.71063,815.12823,814.7253,803.0403,0.063354492,0.059692383,0.977172852,0.411224365,-0.994415283,-0.209350586,1,1,1,1,1,97,,0.23944634,0.10116247
13:44.3,0.20080967,0.009424276,0.069864325,0.8443134,0.11164905,-0.018964132,-0.11308775,0.40329257,0.49896145,0.29246116,0.14265876,0.87643665,0.20619333,0.23907384,0.075128056,0.34244674,-0.26030716,0.10582466,-0.017117394,-0.22718103,778.46155,784.90845,790.54944,784.10254,940.84247,0.062744141,0.055908203,0.977294922,0.448608398,-1.89163208,-0.074768066,1,1,1,1,1,97,,0.075128056,0.20619333
13:45.3,0.04910667,-0.053727813,-0.120266184,0.7729699,0.35884404,0.12720579,-0.03919757,0.5892776,0.58578336,0.1347207,0.17722018,0.43005177,0.22860044,0.18011935,0.20174399,0.18155608,-0.23160572,0.18349141,-0.07404072,-0.17324646,799.41394,805.4579,812.71063,792.1612,782.0879,0.068969727,0.054626465,0.972412109,-0.142059326,-1.652374268,-0.650482178,1,1,1,1,1,97,,0.20174399,0.22860044
02-03-24 15:13,,,,,,,,,,,,,,,,,,,,,,,,,,,,,,,,,,,,,,/muse/elements/blink,,
02-03-24 15:13,,,,,,,,,,,,,,,,,,,,,,,,,,,,,,,,,,,,,,/muse/elements/blink,,
02-03-24 15:13,,,,,,,,,,,,,,,,,,,,,,,,,,,,,,,,,,,,,,/muse/elements/blink,,
13:46.3,1.6206117,-0.13855746,-0.042940702,1.7554168,1.6391189,-0.006788928,0.007529793,1.7125487,1.3966128,0.32105514,0.5678172,1.5133157,0.33141175,0.1896973,0.23099412,0.3529755,-0.22749934,0.23985162,0.037637092,-0.03984145,816.337,790.9524,789.7436,823.1868,729.707,0.07019043,0.062072754,0.980957031,-0.186920166,-1.929016113,-0.86730957,1,1,1,1,1,97,,0.23099412,0.33141175
02-03-24 15:13,,,,,,,,,,,,,,,,,,,,,,,,,,,,,,,,,,,,,,/muse/elements/blink,,
13:47.4,1.965617,-0.08106604,0.43893066,2.1361742,1.9680866,0.033052582,0.2623884,2.1222193,1.396426,0.3156293,0.6048021,1.6007121,0.3396828,0.33549112,0.47827965,0.44594252,-0.2699304,0.24365136,0.30384833,-0.00102117,800.6227,795.38464,804.2491,806.6667,937.619,0.070861816,0.057983398,0.978271484,0.014953613,-1.644897461,-1.861724854,1,1,1,1,1,97,,0.47827965,0.3396828
13:48.4,1.965617,-0.1424211,0.43011153,1.8759055,1.9680866,0.18548006,0.20362481,1.980166,1.396426,0.19092302,0.4815858,1.2733765,0.3396828,0.34838605,0.45390844,0.4370673,-0.2699304,0.37650958,0.3286501,0.051090896,799.41394,797.3993,796.99634,801.4286,775.2381,0.078918457,0.061645508,0.988037109,0.306549072,-2.467346191,-0.837402344,1,1,1,1,1,97,,0.45390844,0.3396828
13:49.4,0.4360078,0.050902676,0.007034686,0.87921196,0.057442725,-0.13910687,-0.19513923,0.6045075,0.46144947,0.21536995,0.67580396,0.61942595,0.33969492,0.17822422,0.4833116,0.40483272,-0.0758815,0.3046771,0.27407306,0.08796327,800.6227,806.6667,799.41394,790.54944,715.2015,0.073303223,0.060913086,0.979125977,-0.029907227,-1.757049561,0.1121521,1,1,1,1,1,97,,0.4833116,0.33969492
13:50.4,0.42010245,0.111991115,-0.038381115,0.8816861,0.2589995,-0.07631066,-0.049196474,0.37744632,0.868926,0.3278951,0.69052124,0.96232206,0.41753873,0.3279053,0.4811383,0.4518605,-0.16613053,0.24985467,0.36057115,-0.007126435,784.90845,796.99634,799.011,802.6374,892.49084,0.074462891,0.057373047,0.985046387,-0.04486084,-2.437438965,-0.403747559,1,1,1,1,1,97,,0.4811383,0.41753873
13:51.4,0.19813141,-0.19754401,0.13474052,0.93336123,0.041248415,-0.008290021,0.053459726,0.4513019,0.8528618,0.32716227,0.34890437,1.1211776,0.26177192,0.38188738,0.33509687,0.23657367,-0.27608553,0.28176013,0.11428653,-0.08004535,796.99634,792.96704,794.57874,802.23444,1036.337,0.072692871,0.051513672,0.97454834,0.702819824,-2.310333252,-0.074768066,1,1,1,1,1,97,,0.33509687,0.26177192
02-03-24 15:13,,,,,,,,,,,,,,,,,,,,,,,,,,,,,,,,,,,,,,/muse/elements/blink,,
13:52.4,0.08240428,0.0718278,0.08417062,1.2364007,0.12156189,-0.06842511,-0.036358748,1.1767504,0.7985943,0.4287124,0.43984008,1.2621182,0.26749244,0.28291613,0.5616408,0.27425706,-0.1539375,0.20246597,0.2211109,-0.28210562,799.81683,797.8022,799.41394,810.696,882.01465,0.065917969,0.063110352,0.972412109,0.299072266,0.448608398,0.702819824,1,1,1,1,1,97,,0.5616408,0.26749244
13:53.4,0.3844211,0.07262011,0.25328723,1.3074585,-0.133919,-0.08305752,0.013873153,1.3216618,0.53663874,0.22389911,0.31440583,1.1234391,0.23682068,0.28784728,0.5034983,0.36960584,-0.25912973,0.24137515,0.3200964,-0.50016326,784.90845,794.9817,815.12823,781.28204,780.07324,0.071166992,0.056396484,0.98260498,0.478515625,-1.263580322,-1.308441162,1,1,1,1,1,97,,0.5034983,0.23682068
02-03-24 15:13,,,,,,,,,,,,,,,,,,,,,,,,,,,,,,,,,,,,,,/muse/elements/blink,,
13:54.5,0.22165853,-0.2231757,0.38538486,0.8658512,-0.06061652,-0.028854515,0.0922998,0.41987407,0.53669304,0.2530315,0.28668803,0.5294525,0.20032178,0.23568916,0.25829485,0.41074628,-0.24812794,0.2361812,0.16101961,-0.21682508,778.86444,799.41394,803.0403,803.44324,812.71063,0.068664551,0.05645752,0.967224121,0.239257813,-2.467346191,-0.508422852,1,1,1,1,1,97,,0.25829485,0.20032178
02-03-24 15:13,,,,,,,,,,,,,,,,,,,,,,,,,,,,,,,,,,,,,,/muse/elements/blink,,
02-03-24 15:13,,,,,,,,,,,,,,,,,,,,,,,,,,,,,,,,,,,,,,/muse/elements/blink,,
13:55.5,0.90208364,0.19402274,0.29023418,0.91727465,1.7049285,0.32873717,0.39337927,0.47546634,1.305181,0.6453825,0.41614836,0.4577038,0.23663497,0.3748782,0.32303146,0.40702918,-0.2645463,0.29523662,-0.034533817,-0.104322955,802.6374,805.05493,796.99634,780.07324,771.6117,0.067687988,0.05456543,0.971618652,0.583190918,-1.405639648,-0.523376465,1,1,1,1,1,97,,0.32303146,0.23663497
13:56.5,0.90208364,0.001163864,-0.017162811,0.91727465,1.7049285,-0.068395965,0.24581623,0.47546634,1.305181,0.6052876,0.42841238,0.4577038,0.23663497,0.47551867,0.47077802,0.40702918,-0.2645463,0.30650762,-0.024904154,-0.104322955,791.3553,791.3553,789.34064,797.8022,775.2381,0.096618652,0.069885254,0.987060547,-0.209350586,-3.69354248,-0.650482178,1,1,1,1,1,97,,0.47077802,0.23663497
02-03-24 15:13,,,,,,,,,,,,,,,,,,,,,,,,,,,,,,,,,,,,,,/muse/elements/blink,,
02-03-24 15:13,,,,,,,,,,,,,,,,,,,,,,,,,,,,,,,,,,,,,,/muse/elements/blink,,
13:57.5,0.18409024,0.20911546,0.34121206,0.46277753,0.026428869,-0.002595496,0.075018354,0.3571384,0.8691454,0.37748307,0.24094105,0.25700936,0.16442768,0.3358658,0.36654645,0.16983637,-0.14724432,0.14998496,0.051267307,-0.121289946,806.26373,806.6667,806.6667,820.7692,850.18317,0.073425293,0.063598633,0.975219727,0.545806885,-2.190704346,-0.665435791,1,1,1,1,1,97,,0.36654645,0.16442768
13:58.5,0.2179699,0.22710429,0.2725869,1.7060431,0.14878193,-0.001311861,-0.07023577,1.6139529,0.76027685,0.43282995,0.08664445,1.1016732,0.17756659,0.19051434,0.3284126,0.24448234,-0.13963516,0.13241784,0.03160863,-0.07429574,796.1905,791.75824,795.78754,778.46155,680.54944,0.069946289,0.077514648,0.976989746,1.667327881,-1.009368896,1.02432251,1,1,1,1,1,97,,0.3284126,0.17756659
13:59.5,0.6891833,0.095751144,0.24276687,0.7179837,0.72122955,0.039490253,-0.14088465,0.40457198,0.6345041,0.2579974,0.06011751,0.35728806,0.1545039,0.26943654,0.32941985,0.3356173,-0.25690636,0.21790786,0.24973966,-0.03943896,794.9817,801.02563,811.0989,801.02563,778.46155,0.067443848,0.066589355,0.978088379,-0.672912598,-0.029907227,-1.04675293,1,1,1,1,1,97,,0.32941985,0.1545039
14:00.6,0.5866136,-0.1970366,0.3946008,0.8242924,0.27701938,-0.035749715,-0.26926333,0.32649642,0.690729,0.17450857,-0.1169549,0.37629658,0.2365381,0.28410134,0.5154383,0.47053394,-0.32016122,0.28298107,0.2718283,-0.090468906,793.36993,799.81683,792.1612,785.7143,883.6264,0.069763184,0.052612305,0.979309082,0.411224365,-2.482299805,-0.433654785,1,1,1,1,1,97,,0.5154383,0.2365381
14:01.6,0.4954853,-0.3236337,-0.07890488,0.74600476,0.16005898,-0.12149336,-0.46365684,0.33447823,0.40003768,0.1235179,0.26923567,0.48559988,0.122899696,0.1877875,0.546475,0.40367365,-0.24976616,0.20371425,0.35784617,-0.1396156,790.14655,795.38464,806.26373,799.81683,843.73627,0.061889648,0.055236816,0.975524902,0.02243042,-1.256103516,-0.88973999,1,1,1,1,1,97,,0.546475,0.122899696
14:02.6,0.23009528,-0.011037257,-0.17464514,0.82062167,0.34271744,-0.4006727,-0.25533304,0.7136765,0.57948434,0.15723665,0.24167149,0.65963686,0.1952209,0.19176722,0.37942865,0.20506161,-0.10634661,0.18349889,0.045300327,0.04250273,790.14655,804.2491,812.71063,834.87177,865.89746,0.067749023,0.05847168,0.97253418,0.433654785,-1.652374268,-0.949554443,1,1,1,1,1,97,,0.37942865,0.1952209
14:03.6,0.41746366,-0.03632385,0.2778592,0.87531257,0.41617024,-0.14323717,-0.0507185,0.705072,0.66632867,0.3053243,0.37702972,0.47006285,0.21830517,0.190148,0.13734494,0.28332582,-0.12063794,0.2479709,-0.04651881,0.0791226,803.8461,797.8022,791.75824,806.26373,743.4066,0.067993164,0.05456543,0.977416992,0.657958984,-1.659851074,0.007476807,1,1,1,1,1,97,,0.13734494,0.21830517
14:04.7,0.4909513,-0.07120125,0.3555316,0.98832154,0.4690777,-0.12078197,0.0474651,0.7083853,0.42623597,0.28620788,0.36075792,0.5297093,0.31478226,0.31136996,0.0311693,0.28212246,-0.24424292,0.2755545,-0.075337626,-0.10923876,794.9817,795.78754,801.8315,809.0842,796.99634,0.082885742,0.072021484,0.973999023,0.149536133,-2.018737793,-1.704711914,1,1,1,1,1,97,,0.0311693,0.31478226
14:05.7,0.1258217,-0.037617125,0.14609015,0.64996386,0.11112928,-0.21509467,-0.09906675,0.5641221,0.6869576,0.16180894,0.020090615,0.5409797,0.29656732,0.3523093,0.17529976,0.38801867,-0.10748681,0.105510846,0.06011943,-0.08633422,801.4286,794.9817,792.96704,802.23444,618.0952,0.095703125,0.055114746,0.989685059,-0.919647217,-0.471038818,-1.727142334,1,1,1,1,1,97,,0.17529976,0.29656732
14:06.7,0.21180086,-0.20155013,0.28061315,0.48237997,0.061772108,-0.19507207,-0.2751106,0.5094243,0.5142603,0.110699415,0.044731848,0.75755966,0.09328466,0.2061604,0.19452226,0.37777507,-0.053294774,0.10800917,0.0978821,-0.33027938,839.707,803.0403,797.3993,840.9158,835.6777,0.074462891,0.051452637,0.970397949,0.029907227,-1.495361328,-0.732727051,1,1,1,1,1,97,,0.19452226,0.09328466
02-03-24 15:14,,,,,,,,,,,,,,,,,,,,,,,,,,,,,,,,,,,,,,/muse/elements/blink,,
02-03-24 15:14,,,,,,,,,,,,,,,,,,,,,,,,,,,,,,,,,,,,,,/muse/elements/blink,,
02-03-24 15:14,,,,,,,,,,,,,,,,,,,,,,,,,,,,,,,,,,,,,,/muse/elements/blink,,
14:07.7,0.14729933,0.03169093,0.21166714,0.34214625,0.32985845,0.027965035,0.003374556,0.4305316,0.25662363,0.20263743,0.1875384,0.49953005,0.106405005,0.27601245,0.22988616,0.3900858,-0.29739007,0.2597392,0.24264647,-0.3697443,807.47253,828.022,806.6667,816.7399,800.2198,0.081665039,0.063781738,0.963439941,-0.628051758,0.239257813,-1.644897461,1,1,1,1,1,97,,0.22988616,0.106405005
02-03-24 15:14,,,,,,,,,,,,,,,,,,,,,,,,,,,,,,,,,,,,,,/muse/elements/jaw_clench,,
14:08.7,0.14729933,0.17683922,0.36822164,0.34214625,0.32985845,0.1547757,0.4542635,0.4305316,0.25662363,0.21059206,0.7039962,0.49953005,0.106405005,0.37015435,0.36188102,0.3900858,-0.29739007,0.31541407,0.25637472,-0.3697443,784.90845,787.326,794.57874,809.0842,705.5311,0.044311523,0.055114746,0.976196289,1.996307373,-2.91595459,-0.508422852,1,1,1,1,4,97,,0.36188102,0.106405005
02-03-24 15:14,,,,,,,,,,,,,,,,,,,,,,,,,,,,,,,,,,,,,,/muse/elements/blink,,
14:09.7,1.4296353,0.45285815,0.57994246,0.34214625,2.0036001,0.2264032,0.5700938,0.4305316,1.307709,0.6675468,0.7125612,0.49953005,0.37964526,0.5231446,0.22259979,0.3900858,-0.12987861,0.40575492,0.005024299,-0.3697443,786.9231,795.78754,817.5458,822.381,815.5311,0.065185547,0.057250977,0.973693848,-0.635528564,-0.13458252,-2.616882324,1,2,1,1,2,97,,0.22259979,0.37964526
02-03-24 15:14,,,,,,,,,,,,,,,,,,,,,,,,,,,,,,,,,,,,,,/muse/elements/blink,,
02-03-24 15:14,,,,,,,,,,,,,,,,,,,,,,,,,,,,,,,,,,,,,,/muse/elements/blink,,
14:10.8,1.8555305,0.33748466,0.74050057,1.5937915,2.078799,0.30909044,0.5940742,2.0692353,1.3145216,0.6863356,0.5931565,1.3459946,0.47177657,0.47140542,0.37747258,0.55936384,-0.09041701,0.34784278,0.067518406,-0.18478827,804.65204,793.7729,800.2198,779.67035,885.64105,0.069091797,0.058166504,0.987792969,0.441131592,-4.112243652,-1.136474609,1,1,1,1,1,97,,0.37747258,0.47177657
14:11.8,1.5113176,0.22910935,0.93130547,1.6288658,1.1772003,0.11641598,0.35239112,2.0398827,0.9866785,0.6562576,0.99378127,1.289878,0.55178195,0.36963022,0.5012922,0.55251396,0.01888505,0.32677415,0.23101705,-0.122413345,813.91943,797.8022,788.5348,786.1172,798.20514,0.092834473,0.062072754,0.993896484,0.515899658,-1.659851074,0.358886719,1,1,1,1,1,97,,0.5012922,0.55178195
14:12.8,0.6388232,0.2414086,1.0050116,1.6288658,0.5511905,0.12570104,0.37963232,2.0398827,0.7200644,0.52180505,0.9932617,1.289878,0.39580375,0.32350916,0.4348218,0.55251396,-0.13706142,0.36987743,0.26519626,-0.122413345,800.6227,796.5934,793.7729,798.60803,721.6484,0.078308105,0.066894531,0.977416992,0.164489746,-1.271057129,-0.88973999,1,1,1,1,1,97,,0.4348218,0.39580375
14:13.8,0.45160744,0.21900743,-0.28489685,0.6556056,0.22179076,0.047638875,-0.2936716,0.26696962,0.3840889,0.44724002,0.060963005,0.53245926,0.22090477,0.40723306,0.24290814,0.36831585,-0.3321384,0.30442697,0.024721555,-0.13676699,794.17584,798.60803,803.0403,801.4286,605.6044,0.08404541,0.070800781,0.977661133,-0.052337646,-1.899108887,-0.478515625,1,1,1,1,1,97,,0.24290814,0.22090477
02-03-24 15:14,,,,,,,,,,,,,,,,,,,,,,,,,,,,,,,,,,,,,,/muse/elements/blink,,
02-03-24 15:14,,,,,,,,,,,,,,,,,,,,,,,,,,,,,,,,,,,,,,/muse/elements/blink,,
14:14.8,1.1298103,5.25E-05,0.36046228,0.96319777,1.6856226,-0.2811996,-0.13056536,1.0159538,1.5264848,0.16566132,-0.030608801,1.1520901,0.40762362,0.4010803,0.21668829,0.31088817,-0.3788406,0.1910259,-0.04455504,-0.18089001,815.9341,800.2198,776.8498,802.6374,855.82416,0.075439453,0.069458008,0.980041504,0.448608398,-1.831817627,-0.710296631,1,1,1,1,1,97,,0.21668829,0.40762362
14:15.9,1.6272659,0.21254008,0.79131806,1.3701476,2.217229,-0.062540464,0.02627096,1.7346087,1.5438856,0.3348647,0.3139337,1.2417881,0.75793946,0.3807632,0.44765532,0.6503172,-0.20107444,0.30746728,0.25019768,-0.020740634,795.38464,800.6227,811.50183,795.38464,962.1978,0.07244873,0.064086914,0.978637695,0.441131592,-1.525268555,-0.508422852,1,1,1,1,1,97,,0.44765532,0.75793946
14:16.9,0.11756728,0.17942421,0.39221093,0.8925747,0.29112455,0.15946203,-0.00361635,0.27903056,0.5534439,0.32533494,0.27410245,0.34598795,0.10589337,0.14367776,0.40988043,0.22664283,-0.19197541,0.35117546,0.28170326,-0.20168208,828.4249,807.0696,806.26373,838.49817,716.4103,0.074279785,0.070068359,0.98059082,0.231781006,-2.130889893,-0.351409912,1,1,1,1,1,97,,0.40988043,0.10589337
02-03-24 15:14,,,,,,,,,,,,,,,,,,,,,,,,,,,,,,,,,,,,,,/muse/elements/blink,,
02-03-24 15:14,,,,,,,,,,,,,,,,,,,,,,,,,,,,,,,,,,,,,,/muse/elements/blink,,
02-03-24 15:14,,,,,,,,,,,,,,,,,,,,,,,,,,,,,,,,,,,,,,/muse/elements/blink,,
02-03-24 15:14,,,,,,,,,,,,,,,,,,,,,,,,,,,,,,,,,,,,,,/muse/elements/blink,,
14:17.9,1.3468292,0.09110463,0.13904612,1.4023597,1.9756162,0.17554684,-0.043035068,1.9433986,1.5502665,-0.08465597,0.001459119,1.2998316,0.32683116,0.3213768,0.32156864,0.5598477,-0.21170112,0.3480155,0.07377549,-0.060147896,811.0989,809.0842,791.75824,816.337,793.36993,0.071411133,0.070495605,0.97644043,0.463562012,-3.170166016,0.500946045,1,1,1,1,1,97,,0.32156864,0.32683116
02-03-24 15:14,,,,,,,,,,,,,,,,,,,,,,,,,,,,,,,,,,,,,,/muse/elements/blink,,
02-03-24 15:14,,,,,,,,,,,,,,,,,,,,,,,,,,,,,,,,,,,,,,/muse/elements/blink,,
14:18.9,1.9735588,0.047212884,0.06873707,1.9358658,2.1531847,-0.009154792,0.06266935,1.9709877,1.4907144,0.30601472,0.27897295,1.3515414,0.36942443,0.30283368,0.27930668,0.5744651,-0.25635457,0.2477367,0.076772526,-0.002306643,790.14655,800.6227,798.60803,794.17584,743.00366,0.07434082,0.0625,0.980834961,0.328979492,0,-1.614990234,1,1,1,1,1,97,,0.27930668,0.36942443
14:19.9,2.1510482,-0.08394616,0.09517921,1.7639495,2.0523288,-0.50645036,-0.062053088,1.7082016,1.287128,0.4387869,0.30733714,0.9495942,0.3675245,0.2796154,0.32325467,0.4403383,-0.36472306,0.45583618,0.24048905,-0.03247848,796.99634,796.1905,801.4286,798.20514,802.23444,0.075866699,0.066467285,0.97467041,1.136474609,-2.564544678,-0.343933105,1,1,1,1,1,97,,0.32325467,0.3675245
14:20.9,0.37001404,-0.5373088,-0.23315896,0.7187581,0.23592629,-0.1482434,-0.121074736,0.550095,0.38629714,0.4426048,0.38566607,0.8824344,0.31520605,0.32936504,0.14347154,0.36510617,-0.17664176,0.2505661,-0.03695315,-0.009487835,788.93774,796.1905,794.9817,788.1319,839.304,0.071655273,0.073486328,0.978271484,1.188812256,-2.370147705,-0.351409912,1,1,1,1,1,97,,0.14347154,0.31520605
14:22.0,0.3653607,0.15996346,-0.14906548,1.1116556,0.13653581,-0.14767574,-0.16522592,0.6303623,0.34081092,0.3877562,0.38735768,0.8786951,0.37756965,0.39059138,0.28241852,0.37969136,-0.32759637,0.2170025,0.023800576,0.011258488,788.5348,800.2198,809.89014,798.60803,716.0073,0.077453613,0.064697266,0.983154297,1.293487549,-2.624359131,-1.02432251,1,1,1,1,1,97,,0.28241852,0.37756965
14:23.0,0.5740415,0.23504655,0.142056,1.4939182,0.02693676,-0.31803238,0.014095124,0.86068183,0.7030167,-0.13220806,0.009056727,0.7221429,0.2618554,0.37665623,0.23532328,0.3466097,-0.1797852,0.21079144,-0.021582304,0.012517835,796.1905,801.4286,802.6374,791.3553,747.8388,0.08203125,0.070678711,0.976989746,0.1121521,-2.145843506,-0.1121521,1,1,1,1,1,97,,0.23532328,0.2618554
14:24.0,0.19633198,0.2642842,0.032159362,1.108391,-0.013575399,-0.39803937,-0.08577735,0.5934305,0.6538267,0.06711322,0.124059975,0.33762348,0.23311938,0.33623055,0.24267755,0.3758565,-0.069067985,0.30449307,0.06522544,-0.26726922,788.1319,801.8315,805.8608,813.5165,716.4103,0.081237793,0.065673828,0.96673584,0.478515625,-1.181335449,-0.971984863,1,1,1,1,1,97,,0.24267755,0.23311938
14:25.0,0.16655044,0.13542347,-0.092821464,1.3091182,0.15724128,-0.32019076,-0.19770029,0.8412664,0.67117476,0.29821706,0.21347359,0.701452,0.21041031,0.33683476,0.30706808,0.44417837,-0.056195144,0.40721393,0.10295875,-0.18873137,799.011,798.60803,798.20514,788.5348,550,0.092529297,0.073181152,0.983886719,0,-1.585083008,-0.650482178,1,1,1,1,1,97,,0.30706808,0.21041031
